scenario,simulation,shocked_bank,systemic_loss
Random failure,1,Bank_02,0.28049715681577897
Random failure,2,Bank_16,0.033807221312953356
Random failure,3,Bank_14,0.044543718812041
Random failure,4,Bank_09,0.02054558688146143
Random failure,5,Bank_09,0.02054558688146143
Random failure,6,Bank_18,0.02025102804080488
Random failure,7,Bank_02,0.28049715681577897
Random failure,8,Bank_14,0.044543718812041
Random failure,9,Bank_05,0.25524124537161796
Random failure,10,Bank_02,0.28049715681577897
Random failure,11,Bank_11,0.0399801622024546
Random failure,12,Bank_20,0.03774535768745524
Random failure,13,Bank_15,0.04479492221037007
Random failure,14,Bank_16,0.033807221312953356
Random failure,15,Bank_15,0.04479492221037007
Random failure,16,Bank_16,0.033807221312953356
Random failure,17,Bank_11,0.0399801622024546
Random failure,18,Bank_03,0.27165350518050047
Random failure,19,Bank_17,0.03785880409508039
Random failure,20,Bank_10,0.03080520063691546
Random failure,21,Bank_11,0.0399801622024546
Random failure,22,Bank_08,0.031372847122408294
Random failure,23,Bank_04,0.25567572444338144
Random failure,24,Bank_19,0.034159813496486904
Random failure,25,Bank_16,0.033807221312953356
Random failure,26,Bank_13,0.0321075807694755
Random failure,27,Bank_09,0.02054558688146143
Random failure,28,Bank_17,0.03785880409508039
Random failure,29,Bank_11,0.0399801622024546
Random failure,30,Bank_09,0.02054558688146143
Random failure,31,Bank_10,0.03080520063691546
Random failure,32,Bank_05,0.25524124537161796
Random failure,33,Bank_02,0.28049715681577897
Random failure,34,Bank_12,0.049847926664306985
Random failure,35,Bank_18,0.02025102804080488
Random failure,36,Bank_02,0.28049715681577897
Random failure,37,Bank_18,0.02025102804080488
Random failure,38,Bank_17,0.03785880409508039
Random failure,39,Bank_06,0.03452446330244111
Random failure,40,Bank_13,0.0321075807694755
Random failure,41,Bank_04,0.25567572444338144
Random failure,42,Bank_16,0.033807221312953356
Random failure,43,Bank_15,0.04479492221037007
Random failure,44,Bank_08,0.031372847122408294
Random failure,45,Bank_02,0.28049715681577897
Random failure,46,Bank_20,0.03774535768745524
Random failure,47,Bank_09,0.02054558688146143
Random failure,48,Bank_18,0.02025102804080488
Random failure,49,Bank_14,0.044543718812041
Random failure,50,Bank_16,0.033807221312953356
Random failure,51,Bank_16,0.033807221312953356
Random failure,52,Bank_04,0.25567572444338144
Random failure,53,Bank_08,0.031372847122408294
Random failure,54,Bank_10,0.03080520063691546
Random failure,55,Bank_10,0.03080520063691546
Random failure,56,Bank_01,0.2297705054473075
Random failure,57,Bank_11,0.0399801622024546
Random failure,58,Bank_04,0.25567572444338144
Random failure,59,Bank_15,0.04479492221037007
Random failure,60,Bank_14,0.044543718812041
Random failure,61,Bank_19,0.034159813496486904
Random failure,62,Bank_15,0.04479492221037007
Random failure,63,Bank_08,0.031372847122408294
Random failure,64,Bank_20,0.03774535768745524
Random failure,65,Bank_09,0.02054558688146143
Random failure,66,Bank_07,0.03246194484470445
Random failure,67,Bank_19,0.034159813496486904
Random failure,68,Bank_08,0.031372847122408294
Random failure,69,Bank_02,0.28049715681577897
Random failure,70,Bank_10,0.03080520063691546
Random failure,71,Bank_16,0.033807221312953356
Random failure,72,Bank_04,0.25567572444338144
Random failure,73,Bank_10,0.03080520063691546
Random failure,74,Bank_03,0.27165350518050047
Random failure,75,Bank_14,0.044543718812041
Random failure,76,Bank_10,0.03080520063691546
Random failure,77,Bank_07,0.03246194484470445
Random failure,78,Bank_05,0.25524124537161796
Random failure,79,Bank_12,0.049847926664306985
Random failure,80,Bank_14,0.044543718812041
Random failure,81,Bank_19,0.034159813496486904
Random failure,82,Bank_09,0.02054558688146143
Random failure,83,Bank_04,0.25567572444338144
Random failure,84,Bank_17,0.03785880409508039
Random failure,85,Bank_13,0.0321075807694755
Random failure,86,Bank_15,0.04479492221037007
Random failure,87,Bank_02,0.28049715681577897
Random failure,88,Bank_07,0.03246194484470445
Random failure,89,Bank_16,0.033807221312953356
Random failure,90,Bank_17,0.03785880409508039
Random failure,91,Bank_09,0.02054558688146143
Random failure,92,Bank_17,0.03785880409508039
Random failure,93,Bank_17,0.03785880409508039
Random failure,94,Bank_08,0.031372847122408294
Random failure,95,Bank_18,0.02025102804080488
Random failure,96,Bank_06,0.03452446330244111
Random failure,97,Bank_05,0.25524124537161796
Random failure,98,Bank_14,0.044543718812041
Random failure,99,Bank_13,0.0321075807694755
Random failure,100,Bank_03,0.27165350518050047
Random failure,101,Bank_17,0.03785880409508039
Random failure,102,Bank_04,0.25567572444338144
Random failure,103,Bank_17,0.03785880409508039
Random failure,104,Bank_01,0.2297705054473075
Random failure,105,Bank_16,0.033807221312953356
Random failure,106,Bank_16,0.033807221312953356
Random failure,107,Bank_16,0.033807221312953356
Random failure,108,Bank_14,0.044543718812041
Random failure,109,Bank_10,0.03080520063691546
Random failure,110,Bank_15,0.04479492221037007
Random failure,111,Bank_06,0.03452446330244111
Random failure,112,Bank_16,0.033807221312953356
Random failure,113,Bank_12,0.049847926664306985
Random failure,114,Bank_10,0.03080520063691546
Random failure,115,Bank_11,0.0399801622024546
Random failure,116,Bank_12,0.049847926664306985
Random failure,117,Bank_01,0.2297705054473075
Random failure,118,Bank_03,0.27165350518050047
Random failure,119,Bank_05,0.25524124537161796
Random failure,120,Bank_03,0.27165350518050047
Random failure,121,Bank_09,0.02054558688146143
Random failure,122,Bank_14,0.044543718812041
Random failure,123,Bank_14,0.044543718812041
Random failure,124,Bank_10,0.03080520063691546
Random failure,125,Bank_18,0.02025102804080488
Random failure,126,Bank_12,0.049847926664306985
Random failure,127,Bank_02,0.28049715681577897
Random failure,128,Bank_16,0.033807221312953356
Random failure,129,Bank_12,0.049847926664306985
Random failure,130,Bank_13,0.0321075807694755
Random failure,131,Bank_12,0.049847926664306985
Random failure,132,Bank_12,0.049847926664306985
Random failure,133,Bank_02,0.28049715681577897
Random failure,134,Bank_12,0.049847926664306985
Random failure,135,Bank_16,0.033807221312953356
Random failure,136,Bank_07,0.03246194484470445
Random failure,137,Bank_13,0.0321075807694755
Random failure,138,Bank_01,0.2297705054473075
Random failure,139,Bank_07,0.03246194484470445
Random failure,140,Bank_09,0.02054558688146143
Random failure,141,Bank_20,0.03774535768745524
Random failure,142,Bank_05,0.25524124537161796
Random failure,143,Bank_06,0.03452446330244111
Random failure,144,Bank_09,0.02054558688146143
Random failure,145,Bank_20,0.03774535768745524
Random failure,146,Bank_18,0.02025102804080488
Random failure,147,Bank_01,0.2297705054473075
Random failure,148,Bank_05,0.25524124537161796
Random failure,149,Bank_17,0.03785880409508039
Random failure,150,Bank_02,0.28049715681577897
Random failure,151,Bank_18,0.02025102804080488
Random failure,152,Bank_06,0.03452446330244111
Random failure,153,Bank_19,0.034159813496486904
Random failure,154,Bank_06,0.03452446330244111
Random failure,155,Bank_09,0.02054558688146143
Random failure,156,Bank_14,0.044543718812041
Random failure,157,Bank_03,0.27165350518050047
Random failure,158,Bank_12,0.049847926664306985
Random failure,159,Bank_11,0.0399801622024546
Random failure,160,Bank_16,0.033807221312953356
Random failure,161,Bank_20,0.03774535768745524
Random failure,162,Bank_14,0.044543718812041
Random failure,163,Bank_09,0.02054558688146143
Random failure,164,Bank_09,0.02054558688146143
Random failure,165,Bank_09,0.02054558688146143
Random failure,166,Bank_17,0.03785880409508039
Random failure,167,Bank_07,0.03246194484470445
Random failure,168,Bank_04,0.25567572444338144
Random failure,169,Bank_07,0.03246194484470445
Random failure,170,Bank_01,0.2297705054473075
Random failure,171,Bank_03,0.27165350518050047
Random failure,172,Bank_02,0.28049715681577897
Random failure,173,Bank_16,0.033807221312953356
Random failure,174,Bank_15,0.04479492221037007
Random failure,175,Bank_14,0.044543718812041
Random failure,176,Bank_10,0.03080520063691546
Random failure,177,Bank_15,0.04479492221037007
Random failure,178,Bank_04,0.25567572444338144
Random failure,179,Bank_19,0.034159813496486904
Random failure,180,Bank_11,0.0399801622024546
Random failure,181,Bank_19,0.034159813496486904
Random failure,182,Bank_04,0.25567572444338144
Random failure,183,Bank_10,0.03080520063691546
Random failure,184,Bank_14,0.044543718812041
Random failure,185,Bank_10,0.03080520063691546
Random failure,186,Bank_09,0.02054558688146143
Random failure,187,Bank_04,0.25567572444338144
Random failure,188,Bank_08,0.031372847122408294
Random failure,189,Bank_05,0.25524124537161796
Random failure,190,Bank_07,0.03246194484470445
Random failure,191,Bank_14,0.044543718812041
Random failure,192,Bank_13,0.0321075807694755
Random failure,193,Bank_13,0.0321075807694755
Random failure,194,Bank_08,0.031372847122408294
Random failure,195,Bank_20,0.03774535768745524
Random failure,196,Bank_02,0.28049715681577897
Random failure,197,Bank_07,0.03246194484470445
Random failure,198,Bank_03,0.27165350518050047
Random failure,199,Bank_07,0.03246194484470445
Random failure,200,Bank_20,0.03774535768745524
Random failure,201,Bank_08,0.031372847122408294
Random failure,202,Bank_19,0.034159813496486904
Random failure,203,Bank_10,0.03080520063691546
Random failure,204,Bank_14,0.044543718812041
Random failure,205,Bank_10,0.03080520063691546
Random failure,206,Bank_06,0.03452446330244111
Random failure,207,Bank_16,0.033807221312953356
Random failure,208,Bank_20,0.03774535768745524
Random failure,209,Bank_06,0.03452446330244111
Random failure,210,Bank_16,0.033807221312953356
Random failure,211,Bank_06,0.03452446330244111
Random failure,212,Bank_15,0.04479492221037007
Random failure,213,Bank_16,0.033807221312953356
Random failure,214,Bank_09,0.02054558688146143
Random failure,215,Bank_15,0.04479492221037007
Random failure,216,Bank_06,0.03452446330244111
Random failure,217,Bank_02,0.28049715681577897
Random failure,218,Bank_02,0.28049715681577897
Random failure,219,Bank_09,0.02054558688146143
Random failure,220,Bank_19,0.034159813496486904
Random failure,221,Bank_03,0.27165350518050047
Random failure,222,Bank_10,0.03080520063691546
Random failure,223,Bank_15,0.04479492221037007
Random failure,224,Bank_05,0.25524124537161796
Random failure,225,Bank_15,0.04479492221037007
Random failure,226,Bank_07,0.03246194484470445
Random failure,227,Bank_17,0.03785880409508039
Random failure,228,Bank_12,0.049847926664306985
Random failure,229,Bank_11,0.0399801622024546
Random failure,230,Bank_04,0.25567572444338144
Random failure,231,Bank_10,0.03080520063691546
Random failure,232,Bank_18,0.02025102804080488
Random failure,233,Bank_01,0.2297705054473075
Random failure,234,Bank_16,0.033807221312953356
Random failure,235,Bank_10,0.03080520063691546
Random failure,236,Bank_15,0.04479492221037007
Random failure,237,Bank_14,0.044543718812041
Random failure,238,Bank_09,0.02054558688146143
Random failure,239,Bank_07,0.03246194484470445
Random failure,240,Bank_13,0.0321075807694755
Random failure,241,Bank_03,0.27165350518050047
Random failure,242,Bank_12,0.049847926664306985
Random failure,243,Bank_02,0.28049715681577897
Random failure,244,Bank_13,0.0321075807694755
Random failure,245,Bank_13,0.0321075807694755
Random failure,246,Bank_02,0.28049715681577897
Random failure,247,Bank_16,0.033807221312953356
Random failure,248,Bank_09,0.02054558688146143
Random failure,249,Bank_16,0.033807221312953356
Random failure,250,Bank_01,0.2297705054473075
Random failure,251,Bank_04,0.25567572444338144
Random failure,252,Bank_10,0.03080520063691546
Random failure,253,Bank_04,0.25567572444338144
Random failure,254,Bank_07,0.03246194484470445
Random failure,255,Bank_14,0.044543718812041
Random failure,256,Bank_03,0.27165350518050047
Random failure,257,Bank_14,0.044543718812041
Random failure,258,Bank_03,0.27165350518050047
Random failure,259,Bank_04,0.25567572444338144
Random failure,260,Bank_12,0.049847926664306985
Random failure,261,Bank_16,0.033807221312953356
Random failure,262,Bank_04,0.25567572444338144
Random failure,263,Bank_06,0.03452446330244111
Random failure,264,Bank_19,0.034159813496486904
Random failure,265,Bank_20,0.03774535768745524
Random failure,266,Bank_12,0.049847926664306985
Random failure,267,Bank_09,0.02054558688146143
Random failure,268,Bank_07,0.03246194484470445
Random failure,269,Bank_13,0.0321075807694755
Random failure,270,Bank_12,0.049847926664306985
Random failure,271,Bank_06,0.03452446330244111
Random failure,272,Bank_01,0.2297705054473075
Random failure,273,Bank_04,0.25567572444338144
Random failure,274,Bank_20,0.03774535768745524
Random failure,275,Bank_09,0.02054558688146143
Random failure,276,Bank_10,0.03080520063691546
Random failure,277,Bank_10,0.03080520063691546
Random failure,278,Bank_16,0.033807221312953356
Random failure,279,Bank_02,0.28049715681577897
Random failure,280,Bank_02,0.28049715681577897
Random failure,281,Bank_06,0.03452446330244111
Random failure,282,Bank_10,0.03080520063691546
Random failure,283,Bank_14,0.044543718812041
Random failure,284,Bank_10,0.03080520063691546
Random failure,285,Bank_09,0.02054558688146143
Random failure,286,Bank_19,0.034159813496486904
Random failure,287,Bank_04,0.25567572444338144
Random failure,288,Bank_12,0.049847926664306985
Random failure,289,Bank_11,0.0399801622024546
Random failure,290,Bank_10,0.03080520063691546
Random failure,291,Bank_17,0.03785880409508039
Random failure,292,Bank_06,0.03452446330244111
Random failure,293,Bank_20,0.03774535768745524
Random failure,294,Bank_07,0.03246194484470445
Random failure,295,Bank_11,0.0399801622024546
Random failure,296,Bank_11,0.0399801622024546
Random failure,297,Bank_17,0.03785880409508039
Random failure,298,Bank_09,0.02054558688146143
Random failure,299,Bank_06,0.03452446330244111
Random failure,300,Bank_01,0.2297705054473075
Random failure,301,Bank_08,0.031372847122408294
Random failure,302,Bank_17,0.03785880409508039
Random failure,303,Bank_01,0.2297705054473075
Random failure,304,Bank_18,0.02025102804080488
Random failure,305,Bank_11,0.0399801622024546
Random failure,306,Bank_03,0.27165350518050047
Random failure,307,Bank_07,0.03246194484470445
Random failure,308,Bank_12,0.049847926664306985
Random failure,309,Bank_07,0.03246194484470445
Random failure,310,Bank_03,0.27165350518050047
Random failure,311,Bank_14,0.044543718812041
Random failure,312,Bank_14,0.044543718812041
Random failure,313,Bank_03,0.27165350518050047
Random failure,314,Bank_06,0.03452446330244111
Random failure,315,Bank_05,0.25524124537161796
Random failure,316,Bank_14,0.044543718812041
Random failure,317,Bank_15,0.04479492221037007
Random failure,318,Bank_15,0.04479492221037007
Random failure,319,Bank_19,0.034159813496486904
Random failure,320,Bank_16,0.033807221312953356
Random failure,321,Bank_07,0.03246194484470445
Random failure,322,Bank_03,0.27165350518050047
Random failure,323,Bank_13,0.0321075807694755
Random failure,324,Bank_19,0.034159813496486904
Random failure,325,Bank_20,0.03774535768745524
Random failure,326,Bank_05,0.25524124537161796
Random failure,327,Bank_05,0.25524124537161796
Random failure,328,Bank_01,0.2297705054473075
Random failure,329,Bank_03,0.27165350518050047
Random failure,330,Bank_12,0.049847926664306985
Random failure,331,Bank_11,0.0399801622024546
Random failure,332,Bank_08,0.031372847122408294
Random failure,333,Bank_07,0.03246194484470445
Random failure,334,Bank_17,0.03785880409508039
Random failure,335,Bank_10,0.03080520063691546
Random failure,336,Bank_17,0.03785880409508039
Random failure,337,Bank_20,0.03774535768745524
Random failure,338,Bank_07,0.03246194484470445
Random failure,339,Bank_05,0.25524124537161796
Random failure,340,Bank_20,0.03774535768745524
Random failure,341,Bank_13,0.0321075807694755
Random failure,342,Bank_06,0.03452446330244111
Random failure,343,Bank_13,0.0321075807694755
Random failure,344,Bank_11,0.0399801622024546
Random failure,345,Bank_19,0.034159813496486904
Random failure,346,Bank_06,0.03452446330244111
Random failure,347,Bank_20,0.03774535768745524
Random failure,348,Bank_19,0.034159813496486904
Random failure,349,Bank_04,0.25567572444338144
Random failure,350,Bank_04,0.25567572444338144
Random failure,351,Bank_11,0.0399801622024546
Random failure,352,Bank_01,0.2297705054473075
Random failure,353,Bank_06,0.03452446330244111
Random failure,354,Bank_09,0.02054558688146143
Random failure,355,Bank_20,0.03774535768745524
Random failure,356,Bank_20,0.03774535768745524
Random failure,357,Bank_04,0.25567572444338144
Random failure,358,Bank_18,0.02025102804080488
Random failure,359,Bank_02,0.28049715681577897
Random failure,360,Bank_15,0.04479492221037007
Random failure,361,Bank_17,0.03785880409508039
Random failure,362,Bank_18,0.02025102804080488
Random failure,363,Bank_05,0.25524124537161796
Random failure,364,Bank_18,0.02025102804080488
Random failure,365,Bank_03,0.27165350518050047
Random failure,366,Bank_11,0.0399801622024546
Random failure,367,Bank_10,0.03080520063691546
Random failure,368,Bank_07,0.03246194484470445
Random failure,369,Bank_01,0.2297705054473075
Random failure,370,Bank_16,0.033807221312953356
Random failure,371,Bank_07,0.03246194484470445
Random failure,372,Bank_14,0.044543718812041
Random failure,373,Bank_09,0.02054558688146143
Random failure,374,Bank_08,0.031372847122408294
Random failure,375,Bank_18,0.02025102804080488
Random failure,376,Bank_02,0.28049715681577897
Random failure,377,Bank_15,0.04479492221037007
Random failure,378,Bank_15,0.04479492221037007
Random failure,379,Bank_08,0.031372847122408294
Random failure,380,Bank_06,0.03452446330244111
Random failure,381,Bank_01,0.2297705054473075
Random failure,382,Bank_19,0.034159813496486904
Random failure,383,Bank_19,0.034159813496486904
Random failure,384,Bank_05,0.25524124537161796
Random failure,385,Bank_01,0.2297705054473075
Random failure,386,Bank_03,0.27165350518050047
Random failure,387,Bank_02,0.28049715681577897
Random failure,388,Bank_17,0.03785880409508039
Random failure,389,Bank_18,0.02025102804080488
Random failure,390,Bank_04,0.25567572444338144
Random failure,391,Bank_15,0.04479492221037007
Random failure,392,Bank_04,0.25567572444338144
Random failure,393,Bank_08,0.031372847122408294
Random failure,394,Bank_12,0.049847926664306985
Random failure,395,Bank_15,0.04479492221037007
Random failure,396,Bank_18,0.02025102804080488
Random failure,397,Bank_01,0.2297705054473075
Random failure,398,Bank_04,0.25567572444338144
Random failure,399,Bank_06,0.03452446330244111
Random failure,400,Bank_07,0.03246194484470445
Random failure,401,Bank_20,0.03774535768745524
Random failure,402,Bank_16,0.033807221312953356
Random failure,403,Bank_07,0.03246194484470445
Random failure,404,Bank_20,0.03774535768745524
Random failure,405,Bank_10,0.03080520063691546
Random failure,406,Bank_11,0.0399801622024546
Random failure,407,Bank_09,0.02054558688146143
Random failure,408,Bank_03,0.27165350518050047
Random failure,409,Bank_19,0.034159813496486904
Random failure,410,Bank_01,0.2297705054473075
Random failure,411,Bank_04,0.25567572444338144
Random failure,412,Bank_05,0.25524124537161796
Random failure,413,Bank_06,0.03452446330244111
Random failure,414,Bank_03,0.27165350518050047
Random failure,415,Bank_01,0.2297705054473075
Random failure,416,Bank_14,0.044543718812041
Random failure,417,Bank_20,0.03774535768745524
Random failure,418,Bank_03,0.27165350518050047
Random failure,419,Bank_06,0.03452446330244111
Random failure,420,Bank_11,0.0399801622024546
Random failure,421,Bank_19,0.034159813496486904
Random failure,422,Bank_14,0.044543718812041
Random failure,423,Bank_16,0.033807221312953356
Random failure,424,Bank_12,0.049847926664306985
Random failure,425,Bank_09,0.02054558688146143
Random failure,426,Bank_04,0.25567572444338144
Random failure,427,Bank_18,0.02025102804080488
Random failure,428,Bank_17,0.03785880409508039
Random failure,429,Bank_01,0.2297705054473075
Random failure,430,Bank_15,0.04479492221037007
Random failure,431,Bank_02,0.28049715681577897
Random failure,432,Bank_15,0.04479492221037007
Random failure,433,Bank_17,0.03785880409508039
Random failure,434,Bank_03,0.27165350518050047
Random failure,435,Bank_09,0.02054558688146143
Random failure,436,Bank_03,0.27165350518050047
Random failure,437,Bank_12,0.049847926664306985
Random failure,438,Bank_19,0.034159813496486904
Random failure,439,Bank_02,0.28049715681577897
Random failure,440,Bank_08,0.031372847122408294
Random failure,441,Bank_20,0.03774535768745524
Random failure,442,Bank_07,0.03246194484470445
Random failure,443,Bank_03,0.27165350518050047
Random failure,444,Bank_10,0.03080520063691546
Random failure,445,Bank_11,0.0399801622024546
Random failure,446,Bank_14,0.044543718812041
Random failure,447,Bank_07,0.03246194484470445
Random failure,448,Bank_20,0.03774535768745524
Random failure,449,Bank_11,0.0399801622024546
Random failure,450,Bank_06,0.03452446330244111
Random failure,451,Bank_20,0.03774535768745524
Random failure,452,Bank_19,0.034159813496486904
Random failure,453,Bank_10,0.03080520063691546
Random failure,454,Bank_01,0.2297705054473075
Random failure,455,Bank_12,0.049847926664306985
Random failure,456,Bank_12,0.049847926664306985
Random failure,457,Bank_03,0.27165350518050047
Random failure,458,Bank_13,0.0321075807694755
Random failure,459,Bank_17,0.03785880409508039
Random failure,460,Bank_03,0.27165350518050047
Random failure,461,Bank_15,0.04479492221037007
Random failure,462,Bank_03,0.27165350518050047
Random failure,463,Bank_15,0.04479492221037007
Random failure,464,Bank_09,0.02054558688146143
Random failure,465,Bank_01,0.2297705054473075
Random failure,466,Bank_20,0.03774535768745524
Random failure,467,Bank_04,0.25567572444338144
Random failure,468,Bank_12,0.049847926664306985
Random failure,469,Bank_04,0.25567572444338144
Random failure,470,Bank_19,0.034159813496486904
Random failure,471,Bank_15,0.04479492221037007
Random failure,472,Bank_17,0.03785880409508039
Random failure,473,Bank_09,0.02054558688146143
Random failure,474,Bank_10,0.03080520063691546
Random failure,475,Bank_13,0.0321075807694755
Random failure,476,Bank_16,0.033807221312953356
Random failure,477,Bank_17,0.03785880409508039
Random failure,478,Bank_01,0.2297705054473075
Random failure,479,Bank_14,0.044543718812041
Random failure,480,Bank_03,0.27165350518050047
Random failure,481,Bank_06,0.03452446330244111
Random failure,482,Bank_17,0.03785880409508039
Random failure,483,Bank_06,0.03452446330244111
Random failure,484,Bank_16,0.033807221312953356
Random failure,485,Bank_10,0.03080520063691546
Random failure,486,Bank_05,0.25524124537161796
Random failure,487,Bank_07,0.03246194484470445
Random failure,488,Bank_11,0.0399801622024546
Random failure,489,Bank_16,0.033807221312953356
Random failure,490,Bank_13,0.0321075807694755
Random failure,491,Bank_19,0.034159813496486904
Random failure,492,Bank_18,0.02025102804080488
Random failure,493,Bank_16,0.033807221312953356
Random failure,494,Bank_13,0.0321075807694755
Random failure,495,Bank_06,0.03452446330244111
Random failure,496,Bank_09,0.02054558688146143
Random failure,497,Bank_03,0.27165350518050047
Random failure,498,Bank_08,0.031372847122408294
Random failure,499,Bank_19,0.034159813496486904
Random failure,500,Bank_09,0.02054558688146143
Random failure,501,Bank_03,0.27165350518050047
Random failure,502,Bank_14,0.044543718812041
Random failure,503,Bank_20,0.03774535768745524
Random failure,504,Bank_18,0.02025102804080488
Random failure,505,Bank_06,0.03452446330244111
Random failure,506,Bank_10,0.03080520063691546
Random failure,507,Bank_11,0.0399801622024546
Random failure,508,Bank_05,0.25524124537161796
Random failure,509,Bank_06,0.03452446330244111
Random failure,510,Bank_05,0.25524124537161796
Random failure,511,Bank_20,0.03774535768745524
Random failure,512,Bank_15,0.04479492221037007
Random failure,513,Bank_17,0.03785880409508039
Random failure,514,Bank_17,0.03785880409508039
Random failure,515,Bank_20,0.03774535768745524
Random failure,516,Bank_03,0.27165350518050047
Random failure,517,Bank_18,0.02025102804080488
Random failure,518,Bank_02,0.28049715681577897
Random failure,519,Bank_10,0.03080520063691546
Random failure,520,Bank_12,0.049847926664306985
Random failure,521,Bank_08,0.031372847122408294
Random failure,522,Bank_03,0.27165350518050047
Random failure,523,Bank_04,0.25567572444338144
Random failure,524,Bank_17,0.03785880409508039
Random failure,525,Bank_07,0.03246194484470445
Random failure,526,Bank_07,0.03246194484470445
Random failure,527,Bank_19,0.034159813496486904
Random failure,528,Bank_03,0.27165350518050047
Random failure,529,Bank_19,0.034159813496486904
Random failure,530,Bank_19,0.034159813496486904
Random failure,531,Bank_12,0.049847926664306985
Random failure,532,Bank_04,0.25567572444338144
Random failure,533,Bank_04,0.25567572444338144
Random failure,534,Bank_06,0.03452446330244111
Random failure,535,Bank_12,0.049847926664306985
Random failure,536,Bank_04,0.25567572444338144
Random failure,537,Bank_10,0.03080520063691546
Random failure,538,Bank_03,0.27165350518050047
Random failure,539,Bank_11,0.0399801622024546
Random failure,540,Bank_01,0.2297705054473075
Random failure,541,Bank_15,0.04479492221037007
Random failure,542,Bank_02,0.28049715681577897
Random failure,543,Bank_04,0.25567572444338144
Random failure,544,Bank_04,0.25567572444338144
Random failure,545,Bank_17,0.03785880409508039
Random failure,546,Bank_02,0.28049715681577897
Random failure,547,Bank_09,0.02054558688146143
Random failure,548,Bank_12,0.049847926664306985
Random failure,549,Bank_11,0.0399801622024546
Random failure,550,Bank_14,0.044543718812041
Random failure,551,Bank_17,0.03785880409508039
Random failure,552,Bank_08,0.031372847122408294
Random failure,553,Bank_17,0.03785880409508039
Random failure,554,Bank_07,0.03246194484470445
Random failure,555,Bank_20,0.03774535768745524
Random failure,556,Bank_11,0.0399801622024546
Random failure,557,Bank_15,0.04479492221037007
Random failure,558,Bank_18,0.02025102804080488
Random failure,559,Bank_16,0.033807221312953356
Random failure,560,Bank_18,0.02025102804080488
Random failure,561,Bank_11,0.0399801622024546
Random failure,562,Bank_01,0.2297705054473075
Random failure,563,Bank_10,0.03080520063691546
Random failure,564,Bank_04,0.25567572444338144
Random failure,565,Bank_18,0.02025102804080488
Random failure,566,Bank_05,0.25524124537161796
Random failure,567,Bank_05,0.25524124537161796
Random failure,568,Bank_05,0.25524124537161796
Random failure,569,Bank_13,0.0321075807694755
Random failure,570,Bank_12,0.049847926664306985
Random failure,571,Bank_19,0.034159813496486904
Random failure,572,Bank_09,0.02054558688146143
Random failure,573,Bank_06,0.03452446330244111
Random failure,574,Bank_01,0.2297705054473075
Random failure,575,Bank_01,0.2297705054473075
Random failure,576,Bank_08,0.031372847122408294
Random failure,577,Bank_19,0.034159813496486904
Random failure,578,Bank_11,0.0399801622024546
Random failure,579,Bank_18,0.02025102804080488
Random failure,580,Bank_03,0.27165350518050047
Random failure,581,Bank_02,0.28049715681577897
Random failure,582,Bank_17,0.03785880409508039
Random failure,583,Bank_03,0.27165350518050047
Random failure,584,Bank_02,0.28049715681577897
Random failure,585,Bank_09,0.02054558688146143
Random failure,586,Bank_19,0.034159813496486904
Random failure,587,Bank_14,0.044543718812041
Random failure,588,Bank_02,0.28049715681577897
Random failure,589,Bank_17,0.03785880409508039
Random failure,590,Bank_17,0.03785880409508039
Random failure,591,Bank_17,0.03785880409508039
Random failure,592,Bank_19,0.034159813496486904
Random failure,593,Bank_05,0.25524124537161796
Random failure,594,Bank_20,0.03774535768745524
Random failure,595,Bank_07,0.03246194484470445
Random failure,596,Bank_17,0.03785880409508039
Random failure,597,Bank_12,0.049847926664306985
Random failure,598,Bank_16,0.033807221312953356
Random failure,599,Bank_13,0.0321075807694755
Random failure,600,Bank_13,0.0321075807694755
Random failure,601,Bank_13,0.0321075807694755
Random failure,602,Bank_16,0.033807221312953356
Random failure,603,Bank_15,0.04479492221037007
Random failure,604,Bank_03,0.27165350518050047
Random failure,605,Bank_17,0.03785880409508039
Random failure,606,Bank_11,0.0399801622024546
Random failure,607,Bank_07,0.03246194484470445
Random failure,608,Bank_11,0.0399801622024546
Random failure,609,Bank_20,0.03774535768745524
Random failure,610,Bank_18,0.02025102804080488
Random failure,611,Bank_17,0.03785880409508039
Random failure,612,Bank_10,0.03080520063691546
Random failure,613,Bank_16,0.033807221312953356
Random failure,614,Bank_08,0.031372847122408294
Random failure,615,Bank_14,0.044543718812041
Random failure,616,Bank_13,0.0321075807694755
Random failure,617,Bank_05,0.25524124537161796
Random failure,618,Bank_06,0.03452446330244111
Random failure,619,Bank_02,0.28049715681577897
Random failure,620,Bank_03,0.27165350518050047
Random failure,621,Bank_09,0.02054558688146143
Random failure,622,Bank_10,0.03080520063691546
Random failure,623,Bank_04,0.25567572444338144
Random failure,624,Bank_09,0.02054558688146143
Random failure,625,Bank_13,0.0321075807694755
Random failure,626,Bank_05,0.25524124537161796
Random failure,627,Bank_07,0.03246194484470445
Random failure,628,Bank_08,0.031372847122408294
Random failure,629,Bank_11,0.0399801622024546
Random failure,630,Bank_08,0.031372847122408294
Random failure,631,Bank_15,0.04479492221037007
Random failure,632,Bank_07,0.03246194484470445
Random failure,633,Bank_09,0.02054558688146143
Random failure,634,Bank_08,0.031372847122408294
Random failure,635,Bank_04,0.25567572444338144
Random failure,636,Bank_14,0.044543718812041
Random failure,637,Bank_05,0.25524124537161796
Random failure,638,Bank_06,0.03452446330244111
Random failure,639,Bank_16,0.033807221312953356
Random failure,640,Bank_19,0.034159813496486904
Random failure,641,Bank_14,0.044543718812041
Random failure,642,Bank_19,0.034159813496486904
Random failure,643,Bank_18,0.02025102804080488
Random failure,644,Bank_10,0.03080520063691546
Random failure,645,Bank_16,0.033807221312953356
Random failure,646,Bank_07,0.03246194484470445
Random failure,647,Bank_10,0.03080520063691546
Random failure,648,Bank_11,0.0399801622024546
Random failure,649,Bank_20,0.03774535768745524
Random failure,650,Bank_17,0.03785880409508039
Random failure,651,Bank_10,0.03080520063691546
Random failure,652,Bank_14,0.044543718812041
Random failure,653,Bank_05,0.25524124537161796
Random failure,654,Bank_17,0.03785880409508039
Random failure,655,Bank_12,0.049847926664306985
Random failure,656,Bank_11,0.0399801622024546
Random failure,657,Bank_16,0.033807221312953356
Random failure,658,Bank_13,0.0321075807694755
Random failure,659,Bank_02,0.28049715681577897
Random failure,660,Bank_06,0.03452446330244111
Random failure,661,Bank_04,0.25567572444338144
Random failure,662,Bank_15,0.04479492221037007
Random failure,663,Bank_01,0.2297705054473075
Random failure,664,Bank_05,0.25524124537161796
Random failure,665,Bank_12,0.049847926664306985
Random failure,666,Bank_14,0.044543718812041
Random failure,667,Bank_11,0.0399801622024546
Random failure,668,Bank_18,0.02025102804080488
Random failure,669,Bank_19,0.034159813496486904
Random failure,670,Bank_03,0.27165350518050047
Random failure,671,Bank_20,0.03774535768745524
Random failure,672,Bank_13,0.0321075807694755
Random failure,673,Bank_13,0.0321075807694755
Random failure,674,Bank_02,0.28049715681577897
Random failure,675,Bank_13,0.0321075807694755
Random failure,676,Bank_15,0.04479492221037007
Random failure,677,Bank_12,0.049847926664306985
Random failure,678,Bank_02,0.28049715681577897
Random failure,679,Bank_11,0.0399801622024546
Random failure,680,Bank_19,0.034159813496486904
Random failure,681,Bank_15,0.04479492221037007
Random failure,682,Bank_03,0.27165350518050047
Random failure,683,Bank_20,0.03774535768745524
Random failure,684,Bank_20,0.03774535768745524
Random failure,685,Bank_04,0.25567572444338144
Random failure,686,Bank_17,0.03785880409508039
Random failure,687,Bank_09,0.02054558688146143
Random failure,688,Bank_12,0.049847926664306985
Random failure,689,Bank_09,0.02054558688146143
Random failure,690,Bank_16,0.033807221312953356
Random failure,691,Bank_20,0.03774535768745524
Random failure,692,Bank_16,0.033807221312953356
Random failure,693,Bank_19,0.034159813496486904
Random failure,694,Bank_19,0.034159813496486904
Random failure,695,Bank_02,0.28049715681577897
Random failure,696,Bank_06,0.03452446330244111
Random failure,697,Bank_15,0.04479492221037007
Random failure,698,Bank_12,0.049847926664306985
Random failure,699,Bank_02,0.28049715681577897
Random failure,700,Bank_02,0.28049715681577897
Random failure,701,Bank_11,0.0399801622024546
Random failure,702,Bank_13,0.0321075807694755
Random failure,703,Bank_04,0.25567572444338144
Random failure,704,Bank_04,0.25567572444338144
Random failure,705,Bank_03,0.27165350518050047
Random failure,706,Bank_12,0.049847926664306985
Random failure,707,Bank_01,0.2297705054473075
Random failure,708,Bank_12,0.049847926664306985
Random failure,709,Bank_10,0.03080520063691546
Random failure,710,Bank_10,0.03080520063691546
Random failure,711,Bank_14,0.044543718812041
Random failure,712,Bank_11,0.0399801622024546
Random failure,713,Bank_15,0.04479492221037007
Random failure,714,Bank_16,0.033807221312953356
Random failure,715,Bank_19,0.034159813496486904
Random failure,716,Bank_16,0.033807221312953356
Random failure,717,Bank_11,0.0399801622024546
Random failure,718,Bank_10,0.03080520063691546
Random failure,719,Bank_05,0.25524124537161796
Random failure,720,Bank_12,0.049847926664306985
Random failure,721,Bank_03,0.27165350518050047
Random failure,722,Bank_19,0.034159813496486904
Random failure,723,Bank_17,0.03785880409508039
Random failure,724,Bank_03,0.27165350518050047
Random failure,725,Bank_16,0.033807221312953356
Random failure,726,Bank_03,0.27165350518050047
Random failure,727,Bank_15,0.04479492221037007
Random failure,728,Bank_02,0.28049715681577897
Random failure,729,Bank_10,0.03080520063691546
Random failure,730,Bank_14,0.044543718812041
Random failure,731,Bank_15,0.04479492221037007
Random failure,732,Bank_09,0.02054558688146143
Random failure,733,Bank_19,0.034159813496486904
Random failure,734,Bank_16,0.033807221312953356
Random failure,735,Bank_05,0.25524124537161796
Random failure,736,Bank_14,0.044543718812041
Random failure,737,Bank_15,0.04479492221037007
Random failure,738,Bank_07,0.03246194484470445
Random failure,739,Bank_15,0.04479492221037007
Random failure,740,Bank_18,0.02025102804080488
Random failure,741,Bank_17,0.03785880409508039
Random failure,742,Bank_16,0.033807221312953356
Random failure,743,Bank_13,0.0321075807694755
Random failure,744,Bank_06,0.03452446330244111
Random failure,745,Bank_16,0.033807221312953356
Random failure,746,Bank_08,0.031372847122408294
Random failure,747,Bank_11,0.0399801622024546
Random failure,748,Bank_07,0.03246194484470445
Random failure,749,Bank_07,0.03246194484470445
Random failure,750,Bank_04,0.25567572444338144
Random failure,751,Bank_20,0.03774535768745524
Random failure,752,Bank_03,0.27165350518050047
Random failure,753,Bank_02,0.28049715681577897
Random failure,754,Bank_19,0.034159813496486904
Random failure,755,Bank_12,0.049847926664306985
Random failure,756,Bank_09,0.02054558688146143
Random failure,757,Bank_15,0.04479492221037007
Random failure,758,Bank_08,0.031372847122408294
Random failure,759,Bank_03,0.27165350518050047
Random failure,760,Bank_15,0.04479492221037007
Random failure,761,Bank_04,0.25567572444338144
Random failure,762,Bank_12,0.049847926664306985
Random failure,763,Bank_19,0.034159813496486904
Random failure,764,Bank_19,0.034159813496486904
Random failure,765,Bank_08,0.031372847122408294
Random failure,766,Bank_16,0.033807221312953356
Random failure,767,Bank_13,0.0321075807694755
Random failure,768,Bank_10,0.03080520063691546
Random failure,769,Bank_03,0.27165350518050047
Random failure,770,Bank_08,0.031372847122408294
Random failure,771,Bank_14,0.044543718812041
Random failure,772,Bank_20,0.03774535768745524
Random failure,773,Bank_01,0.2297705054473075
Random failure,774,Bank_15,0.04479492221037007
Random failure,775,Bank_17,0.03785880409508039
Random failure,776,Bank_20,0.03774535768745524
Random failure,777,Bank_09,0.02054558688146143
Random failure,778,Bank_03,0.27165350518050047
Random failure,779,Bank_06,0.03452446330244111
Random failure,780,Bank_18,0.02025102804080488
Random failure,781,Bank_18,0.02025102804080488
Random failure,782,Bank_13,0.0321075807694755
Random failure,783,Bank_03,0.27165350518050047
Random failure,784,Bank_03,0.27165350518050047
Random failure,785,Bank_10,0.03080520063691546
Random failure,786,Bank_12,0.049847926664306985
Random failure,787,Bank_01,0.2297705054473075
Random failure,788,Bank_14,0.044543718812041
Random failure,789,Bank_11,0.0399801622024546
Random failure,790,Bank_01,0.2297705054473075
Random failure,791,Bank_02,0.28049715681577897
Random failure,792,Bank_10,0.03080520063691546
Random failure,793,Bank_15,0.04479492221037007
Random failure,794,Bank_17,0.03785880409508039
Random failure,795,Bank_09,0.02054558688146143
Random failure,796,Bank_06,0.03452446330244111
Random failure,797,Bank_20,0.03774535768745524
Random failure,798,Bank_10,0.03080520063691546
Random failure,799,Bank_07,0.03246194484470445
Random failure,800,Bank_09,0.02054558688146143
Random failure,801,Bank_01,0.2297705054473075
Random failure,802,Bank_07,0.03246194484470445
Random failure,803,Bank_11,0.0399801622024546
Random failure,804,Bank_19,0.034159813496486904
Random failure,805,Bank_15,0.04479492221037007
Random failure,806,Bank_16,0.033807221312953356
Random failure,807,Bank_11,0.0399801622024546
Random failure,808,Bank_03,0.27165350518050047
Random failure,809,Bank_08,0.031372847122408294
Random failure,810,Bank_20,0.03774535768745524
Random failure,811,Bank_01,0.2297705054473075
Random failure,812,Bank_18,0.02025102804080488
Random failure,813,Bank_14,0.044543718812041
Random failure,814,Bank_06,0.03452446330244111
Random failure,815,Bank_16,0.033807221312953356
Random failure,816,Bank_17,0.03785880409508039
Random failure,817,Bank_01,0.2297705054473075
Random failure,818,Bank_03,0.27165350518050047
Random failure,819,Bank_14,0.044543718812041
Random failure,820,Bank_20,0.03774535768745524
Random failure,821,Bank_01,0.2297705054473075
Random failure,822,Bank_14,0.044543718812041
Random failure,823,Bank_03,0.27165350518050047
Random failure,824,Bank_14,0.044543718812041
Random failure,825,Bank_13,0.0321075807694755
Random failure,826,Bank_02,0.28049715681577897
Random failure,827,Bank_14,0.044543718812041
Random failure,828,Bank_18,0.02025102804080488
Random failure,829,Bank_18,0.02025102804080488
Random failure,830,Bank_01,0.2297705054473075
Random failure,831,Bank_05,0.25524124537161796
Random failure,832,Bank_05,0.25524124537161796
Random failure,833,Bank_10,0.03080520063691546
Random failure,834,Bank_03,0.27165350518050047
Random failure,835,Bank_18,0.02025102804080488
Random failure,836,Bank_16,0.033807221312953356
Random failure,837,Bank_17,0.03785880409508039
Random failure,838,Bank_04,0.25567572444338144
Random failure,839,Bank_01,0.2297705054473075
Random failure,840,Bank_19,0.034159813496486904
Random failure,841,Bank_06,0.03452446330244111
Random failure,842,Bank_14,0.044543718812041
Random failure,843,Bank_19,0.034159813496486904
Random failure,844,Bank_01,0.2297705054473075
Random failure,845,Bank_01,0.2297705054473075
Random failure,846,Bank_01,0.2297705054473075
Random failure,847,Bank_04,0.25567572444338144
Random failure,848,Bank_02,0.28049715681577897
Random failure,849,Bank_17,0.03785880409508039
Random failure,850,Bank_13,0.0321075807694755
Random failure,851,Bank_20,0.03774535768745524
Random failure,852,Bank_17,0.03785880409508039
Random failure,853,Bank_20,0.03774535768745524
Random failure,854,Bank_05,0.25524124537161796
Random failure,855,Bank_06,0.03452446330244111
Random failure,856,Bank_17,0.03785880409508039
Random failure,857,Bank_05,0.25524124537161796
Random failure,858,Bank_02,0.28049715681577897
Random failure,859,Bank_14,0.044543718812041
Random failure,860,Bank_17,0.03785880409508039
Random failure,861,Bank_20,0.03774535768745524
Random failure,862,Bank_19,0.034159813496486904
Random failure,863,Bank_03,0.27165350518050047
Random failure,864,Bank_16,0.033807221312953356
Random failure,865,Bank_17,0.03785880409508039
Random failure,866,Bank_14,0.044543718812041
Random failure,867,Bank_17,0.03785880409508039
Random failure,868,Bank_17,0.03785880409508039
Random failure,869,Bank_09,0.02054558688146143
Random failure,870,Bank_01,0.2297705054473075
Random failure,871,Bank_10,0.03080520063691546
Random failure,872,Bank_05,0.25524124537161796
Random failure,873,Bank_03,0.27165350518050047
Random failure,874,Bank_03,0.27165350518050047
Random failure,875,Bank_14,0.044543718812041
Random failure,876,Bank_11,0.0399801622024546
Random failure,877,Bank_11,0.0399801622024546
Random failure,878,Bank_15,0.04479492221037007
Random failure,879,Bank_11,0.0399801622024546
Random failure,880,Bank_13,0.0321075807694755
Random failure,881,Bank_02,0.28049715681577897
Random failure,882,Bank_18,0.02025102804080488
Random failure,883,Bank_09,0.02054558688146143
Random failure,884,Bank_04,0.25567572444338144
Random failure,885,Bank_17,0.03785880409508039
Random failure,886,Bank_15,0.04479492221037007
Random failure,887,Bank_02,0.28049715681577897
Random failure,888,Bank_04,0.25567572444338144
Random failure,889,Bank_01,0.2297705054473075
Random failure,890,Bank_06,0.03452446330244111
Random failure,891,Bank_02,0.28049715681577897
Random failure,892,Bank_15,0.04479492221037007
Random failure,893,Bank_11,0.0399801622024546
Random failure,894,Bank_20,0.03774535768745524
Random failure,895,Bank_15,0.04479492221037007
Random failure,896,Bank_13,0.0321075807694755
Random failure,897,Bank_11,0.0399801622024546
Random failure,898,Bank_02,0.28049715681577897
Random failure,899,Bank_02,0.28049715681577897
Random failure,900,Bank_13,0.0321075807694755
Random failure,901,Bank_01,0.2297705054473075
Random failure,902,Bank_01,0.2297705054473075
Random failure,903,Bank_05,0.25524124537161796
Random failure,904,Bank_18,0.02025102804080488
Random failure,905,Bank_10,0.03080520063691546
Random failure,906,Bank_15,0.04479492221037007
Random failure,907,Bank_09,0.02054558688146143
Random failure,908,Bank_04,0.25567572444338144
Random failure,909,Bank_08,0.031372847122408294
Random failure,910,Bank_02,0.28049715681577897
Random failure,911,Bank_16,0.033807221312953356
Random failure,912,Bank_04,0.25567572444338144
Random failure,913,Bank_08,0.031372847122408294
Random failure,914,Bank_20,0.03774535768745524
Random failure,915,Bank_12,0.049847926664306985
Random failure,916,Bank_10,0.03080520063691546
Random failure,917,Bank_11,0.0399801622024546
Random failure,918,Bank_16,0.033807221312953356
Random failure,919,Bank_06,0.03452446330244111
Random failure,920,Bank_13,0.0321075807694755
Random failure,921,Bank_18,0.02025102804080488
Random failure,922,Bank_12,0.049847926664306985
Random failure,923,Bank_09,0.02054558688146143
Random failure,924,Bank_03,0.27165350518050047
Random failure,925,Bank_05,0.25524124537161796
Random failure,926,Bank_19,0.034159813496486904
Random failure,927,Bank_11,0.0399801622024546
Random failure,928,Bank_07,0.03246194484470445
Random failure,929,Bank_09,0.02054558688146143
Random failure,930,Bank_12,0.049847926664306985
Random failure,931,Bank_11,0.0399801622024546
Random failure,932,Bank_14,0.044543718812041
Random failure,933,Bank_06,0.03452446330244111
Random failure,934,Bank_13,0.0321075807694755
Random failure,935,Bank_09,0.02054558688146143
Random failure,936,Bank_19,0.034159813496486904
Random failure,937,Bank_04,0.25567572444338144
Random failure,938,Bank_03,0.27165350518050047
Random failure,939,Bank_10,0.03080520063691546
Random failure,940,Bank_11,0.0399801622024546
Random failure,941,Bank_14,0.044543718812041
Random failure,942,Bank_09,0.02054558688146143
Random failure,943,Bank_19,0.034159813496486904
Random failure,944,Bank_10,0.03080520063691546
Random failure,945,Bank_03,0.27165350518050047
Random failure,946,Bank_03,0.27165350518050047
Random failure,947,Bank_20,0.03774535768745524
Random failure,948,Bank_03,0.27165350518050047
Random failure,949,Bank_19,0.034159813496486904
Random failure,950,Bank_06,0.03452446330244111
Random failure,951,Bank_02,0.28049715681577897
Random failure,952,Bank_07,0.03246194484470445
Random failure,953,Bank_13,0.0321075807694755
Random failure,954,Bank_09,0.02054558688146143
Random failure,955,Bank_16,0.033807221312953356
Random failure,956,Bank_13,0.0321075807694755
Random failure,957,Bank_09,0.02054558688146143
Random failure,958,Bank_13,0.0321075807694755
Random failure,959,Bank_20,0.03774535768745524
Random failure,960,Bank_09,0.02054558688146143
Random failure,961,Bank_04,0.25567572444338144
Random failure,962,Bank_09,0.02054558688146143
Random failure,963,Bank_17,0.03785880409508039
Random failure,964,Bank_05,0.25524124537161796
Random failure,965,Bank_19,0.034159813496486904
Random failure,966,Bank_12,0.049847926664306985
Random failure,967,Bank_13,0.0321075807694755
Random failure,968,Bank_07,0.03246194484470445
Random failure,969,Bank_19,0.034159813496486904
Random failure,970,Bank_01,0.2297705054473075
Random failure,971,Bank_06,0.03452446330244111
Random failure,972,Bank_09,0.02054558688146143
Random failure,973,Bank_10,0.03080520063691546
Random failure,974,Bank_10,0.03080520063691546
Random failure,975,Bank_03,0.27165350518050047
Random failure,976,Bank_05,0.25524124537161796
Random failure,977,Bank_02,0.28049715681577897
Random failure,978,Bank_12,0.049847926664306985
Random failure,979,Bank_08,0.031372847122408294
Random failure,980,Bank_12,0.049847926664306985
Random failure,981,Bank_12,0.049847926664306985
Random failure,982,Bank_15,0.04479492221037007
Random failure,983,Bank_11,0.0399801622024546
Random failure,984,Bank_13,0.0321075807694755
Random failure,985,Bank_12,0.049847926664306985
Random failure,986,Bank_14,0.044543718812041
Random failure,987,Bank_13,0.0321075807694755
Random failure,988,Bank_07,0.03246194484470445
Random failure,989,Bank_05,0.25524124537161796
Random failure,990,Bank_16,0.033807221312953356
Random failure,991,Bank_07,0.03246194484470445
Random failure,992,Bank_11,0.0399801622024546
Random failure,993,Bank_04,0.25567572444338144
Random failure,994,Bank_09,0.02054558688146143
Random failure,995,Bank_11,0.0399801622024546
Random failure,996,Bank_13,0.0321075807694755
Random failure,997,Bank_11,0.0399801622024546
Random failure,998,Bank_08,0.031372847122408294
Random failure,999,Bank_20,0.03774535768745524
Random failure,1000,Bank_11,0.0399801622024546
Random failure,1001,Bank_17,0.03785880409508039
Random failure,1002,Bank_15,0.04479492221037007
Random failure,1003,Bank_12,0.049847926664306985
Random failure,1004,Bank_18,0.02025102804080488
Random failure,1005,Bank_03,0.27165350518050047
Random failure,1006,Bank_19,0.034159813496486904
Random failure,1007,Bank_18,0.02025102804080488
Random failure,1008,Bank_11,0.0399801622024546
Random failure,1009,Bank_15,0.04479492221037007
Random failure,1010,Bank_11,0.0399801622024546
Random failure,1011,Bank_06,0.03452446330244111
Random failure,1012,Bank_16,0.033807221312953356
Random failure,1013,Bank_05,0.25524124537161796
Random failure,1014,Bank_07,0.03246194484470445
Random failure,1015,Bank_11,0.0399801622024546
Random failure,1016,Bank_17,0.03785880409508039
Random failure,1017,Bank_08,0.031372847122408294
Random failure,1018,Bank_10,0.03080520063691546
Random failure,1019,Bank_01,0.2297705054473075
Random failure,1020,Bank_03,0.27165350518050047
Random failure,1021,Bank_02,0.28049715681577897
Random failure,1022,Bank_02,0.28049715681577897
Random failure,1023,Bank_18,0.02025102804080488
Random failure,1024,Bank_17,0.03785880409508039
Random failure,1025,Bank_17,0.03785880409508039
Random failure,1026,Bank_02,0.28049715681577897
Random failure,1027,Bank_02,0.28049715681577897
Random failure,1028,Bank_06,0.03452446330244111
Random failure,1029,Bank_12,0.049847926664306985
Random failure,1030,Bank_07,0.03246194484470445
Random failure,1031,Bank_10,0.03080520063691546
Random failure,1032,Bank_04,0.25567572444338144
Random failure,1033,Bank_15,0.04479492221037007
Random failure,1034,Bank_07,0.03246194484470445
Random failure,1035,Bank_02,0.28049715681577897
Random failure,1036,Bank_15,0.04479492221037007
Random failure,1037,Bank_19,0.034159813496486904
Random failure,1038,Bank_01,0.2297705054473075
Random failure,1039,Bank_09,0.02054558688146143
Random failure,1040,Bank_17,0.03785880409508039
Random failure,1041,Bank_15,0.04479492221037007
Random failure,1042,Bank_18,0.02025102804080488
Random failure,1043,Bank_09,0.02054558688146143
Random failure,1044,Bank_08,0.031372847122408294
Random failure,1045,Bank_15,0.04479492221037007
Random failure,1046,Bank_04,0.25567572444338144
Random failure,1047,Bank_05,0.25524124537161796
Random failure,1048,Bank_13,0.0321075807694755
Random failure,1049,Bank_14,0.044543718812041
Random failure,1050,Bank_03,0.27165350518050047
Random failure,1051,Bank_11,0.0399801622024546
Random failure,1052,Bank_08,0.031372847122408294
Random failure,1053,Bank_11,0.0399801622024546
Random failure,1054,Bank_20,0.03774535768745524
Random failure,1055,Bank_02,0.28049715681577897
Random failure,1056,Bank_20,0.03774535768745524
Random failure,1057,Bank_09,0.02054558688146143
Random failure,1058,Bank_16,0.033807221312953356
Random failure,1059,Bank_09,0.02054558688146143
Random failure,1060,Bank_07,0.03246194484470445
Random failure,1061,Bank_16,0.033807221312953356
Random failure,1062,Bank_14,0.044543718812041
Random failure,1063,Bank_03,0.27165350518050047
Random failure,1064,Bank_15,0.04479492221037007
Random failure,1065,Bank_16,0.033807221312953356
Random failure,1066,Bank_08,0.031372847122408294
Random failure,1067,Bank_19,0.034159813496486904
Random failure,1068,Bank_13,0.0321075807694755
Random failure,1069,Bank_07,0.03246194484470445
Random failure,1070,Bank_01,0.2297705054473075
Random failure,1071,Bank_14,0.044543718812041
Random failure,1072,Bank_05,0.25524124537161796
Random failure,1073,Bank_16,0.033807221312953356
Random failure,1074,Bank_11,0.0399801622024546
Random failure,1075,Bank_10,0.03080520063691546
Random failure,1076,Bank_04,0.25567572444338144
Random failure,1077,Bank_15,0.04479492221037007
Random failure,1078,Bank_04,0.25567572444338144
Random failure,1079,Bank_09,0.02054558688146143
Random failure,1080,Bank_17,0.03785880409508039
Random failure,1081,Bank_19,0.034159813496486904
Random failure,1082,Bank_20,0.03774535768745524
Random failure,1083,Bank_20,0.03774535768745524
Random failure,1084,Bank_12,0.049847926664306985
Random failure,1085,Bank_05,0.25524124537161796
Random failure,1086,Bank_17,0.03785880409508039
Random failure,1087,Bank_17,0.03785880409508039
Random failure,1088,Bank_20,0.03774535768745524
Random failure,1089,Bank_14,0.044543718812041
Random failure,1090,Bank_03,0.27165350518050047
Random failure,1091,Bank_11,0.0399801622024546
Random failure,1092,Bank_09,0.02054558688146143
Random failure,1093,Bank_17,0.03785880409508039
Random failure,1094,Bank_08,0.031372847122408294
Random failure,1095,Bank_07,0.03246194484470445
Random failure,1096,Bank_02,0.28049715681577897
Random failure,1097,Bank_17,0.03785880409508039
Random failure,1098,Bank_16,0.033807221312953356
Random failure,1099,Bank_01,0.2297705054473075
Random failure,1100,Bank_09,0.02054558688146143
Random failure,1101,Bank_10,0.03080520063691546
Random failure,1102,Bank_10,0.03080520063691546
Random failure,1103,Bank_19,0.034159813496486904
Random failure,1104,Bank_04,0.25567572444338144
Random failure,1105,Bank_07,0.03246194484470445
Random failure,1106,Bank_04,0.25567572444338144
Random failure,1107,Bank_05,0.25524124537161796
Random failure,1108,Bank_19,0.034159813496486904
Random failure,1109,Bank_19,0.034159813496486904
Random failure,1110,Bank_01,0.2297705054473075
Random failure,1111,Bank_13,0.0321075807694755
Random failure,1112,Bank_05,0.25524124537161796
Random failure,1113,Bank_04,0.25567572444338144
Random failure,1114,Bank_06,0.03452446330244111
Random failure,1115,Bank_04,0.25567572444338144
Random failure,1116,Bank_10,0.03080520063691546
Random failure,1117,Bank_20,0.03774535768745524
Random failure,1118,Bank_12,0.049847926664306985
Random failure,1119,Bank_15,0.04479492221037007
Random failure,1120,Bank_10,0.03080520063691546
Random failure,1121,Bank_01,0.2297705054473075
Random failure,1122,Bank_02,0.28049715681577897
Random failure,1123,Bank_06,0.03452446330244111
Random failure,1124,Bank_05,0.25524124537161796
Random failure,1125,Bank_17,0.03785880409508039
Random failure,1126,Bank_17,0.03785880409508039
Random failure,1127,Bank_18,0.02025102804080488
Random failure,1128,Bank_13,0.0321075807694755
Random failure,1129,Bank_12,0.049847926664306985
Random failure,1130,Bank_13,0.0321075807694755
Random failure,1131,Bank_09,0.02054558688146143
Random failure,1132,Bank_14,0.044543718812041
Random failure,1133,Bank_16,0.033807221312953356
Random failure,1134,Bank_16,0.033807221312953356
Random failure,1135,Bank_13,0.0321075807694755
Random failure,1136,Bank_02,0.28049715681577897
Random failure,1137,Bank_15,0.04479492221037007
Random failure,1138,Bank_08,0.031372847122408294
Random failure,1139,Bank_15,0.04479492221037007
Random failure,1140,Bank_11,0.0399801622024546
Random failure,1141,Bank_18,0.02025102804080488
Random failure,1142,Bank_07,0.03246194484470445
Random failure,1143,Bank_19,0.034159813496486904
Random failure,1144,Bank_17,0.03785880409508039
Random failure,1145,Bank_07,0.03246194484470445
Random failure,1146,Bank_10,0.03080520063691546
Random failure,1147,Bank_11,0.0399801622024546
Random failure,1148,Bank_16,0.033807221312953356
Random failure,1149,Bank_14,0.044543718812041
Random failure,1150,Bank_18,0.02025102804080488
Random failure,1151,Bank_08,0.031372847122408294
Random failure,1152,Bank_11,0.0399801622024546
Random failure,1153,Bank_09,0.02054558688146143
Random failure,1154,Bank_19,0.034159813496486904
Random failure,1155,Bank_07,0.03246194484470445
Random failure,1156,Bank_12,0.049847926664306985
Random failure,1157,Bank_03,0.27165350518050047
Random failure,1158,Bank_18,0.02025102804080488
Random failure,1159,Bank_08,0.031372847122408294
Random failure,1160,Bank_07,0.03246194484470445
Random failure,1161,Bank_12,0.049847926664306985
Random failure,1162,Bank_10,0.03080520063691546
Random failure,1163,Bank_17,0.03785880409508039
Random failure,1164,Bank_11,0.0399801622024546
Random failure,1165,Bank_11,0.0399801622024546
Random failure,1166,Bank_03,0.27165350518050047
Random failure,1167,Bank_01,0.2297705054473075
Random failure,1168,Bank_08,0.031372847122408294
Random failure,1169,Bank_20,0.03774535768745524
Random failure,1170,Bank_19,0.034159813496486904
Random failure,1171,Bank_13,0.0321075807694755
Random failure,1172,Bank_13,0.0321075807694755
Random failure,1173,Bank_08,0.031372847122408294
Random failure,1174,Bank_04,0.25567572444338144
Random failure,1175,Bank_01,0.2297705054473075
Random failure,1176,Bank_07,0.03246194484470445
Random failure,1177,Bank_07,0.03246194484470445
Random failure,1178,Bank_04,0.25567572444338144
Random failure,1179,Bank_06,0.03452446330244111
Random failure,1180,Bank_01,0.2297705054473075
Random failure,1181,Bank_13,0.0321075807694755
Random failure,1182,Bank_19,0.034159813496486904
Random failure,1183,Bank_14,0.044543718812041
Random failure,1184,Bank_09,0.02054558688146143
Random failure,1185,Bank_09,0.02054558688146143
Random failure,1186,Bank_07,0.03246194484470445
Random failure,1187,Bank_03,0.27165350518050047
Random failure,1188,Bank_12,0.049847926664306985
Random failure,1189,Bank_12,0.049847926664306985
Random failure,1190,Bank_01,0.2297705054473075
Random failure,1191,Bank_09,0.02054558688146143
Random failure,1192,Bank_06,0.03452446330244111
Random failure,1193,Bank_04,0.25567572444338144
Random failure,1194,Bank_15,0.04479492221037007
Random failure,1195,Bank_11,0.0399801622024546
Random failure,1196,Bank_13,0.0321075807694755
Random failure,1197,Bank_15,0.04479492221037007
Random failure,1198,Bank_20,0.03774535768745524
Random failure,1199,Bank_17,0.03785880409508039
Random failure,1200,Bank_13,0.0321075807694755
Random failure,1201,Bank_18,0.02025102804080488
Random failure,1202,Bank_10,0.03080520063691546
Random failure,1203,Bank_20,0.03774535768745524
Random failure,1204,Bank_16,0.033807221312953356
Random failure,1205,Bank_14,0.044543718812041
Random failure,1206,Bank_19,0.034159813496486904
Random failure,1207,Bank_11,0.0399801622024546
Random failure,1208,Bank_15,0.04479492221037007
Random failure,1209,Bank_06,0.03452446330244111
Random failure,1210,Bank_20,0.03774535768745524
Random failure,1211,Bank_13,0.0321075807694755
Random failure,1212,Bank_16,0.033807221312953356
Random failure,1213,Bank_10,0.03080520063691546
Random failure,1214,Bank_18,0.02025102804080488
Random failure,1215,Bank_02,0.28049715681577897
Random failure,1216,Bank_03,0.27165350518050047
Random failure,1217,Bank_11,0.0399801622024546
Random failure,1218,Bank_15,0.04479492221037007
Random failure,1219,Bank_17,0.03785880409508039
Random failure,1220,Bank_09,0.02054558688146143
Random failure,1221,Bank_13,0.0321075807694755
Random failure,1222,Bank_12,0.049847926664306985
Random failure,1223,Bank_20,0.03774535768745524
Random failure,1224,Bank_14,0.044543718812041
Random failure,1225,Bank_09,0.02054558688146143
Random failure,1226,Bank_20,0.03774535768745524
Random failure,1227,Bank_03,0.27165350518050047
Random failure,1228,Bank_20,0.03774535768745524
Random failure,1229,Bank_04,0.25567572444338144
Random failure,1230,Bank_06,0.03452446330244111
Random failure,1231,Bank_17,0.03785880409508039
Random failure,1232,Bank_15,0.04479492221037007
Random failure,1233,Bank_20,0.03774535768745524
Random failure,1234,Bank_15,0.04479492221037007
Random failure,1235,Bank_13,0.0321075807694755
Random failure,1236,Bank_07,0.03246194484470445
Random failure,1237,Bank_01,0.2297705054473075
Random failure,1238,Bank_03,0.27165350518050047
Random failure,1239,Bank_06,0.03452446330244111
Random failure,1240,Bank_01,0.2297705054473075
Random failure,1241,Bank_11,0.0399801622024546
Random failure,1242,Bank_16,0.033807221312953356
Random failure,1243,Bank_20,0.03774535768745524
Random failure,1244,Bank_10,0.03080520063691546
Random failure,1245,Bank_18,0.02025102804080488
Random failure,1246,Bank_20,0.03774535768745524
Random failure,1247,Bank_18,0.02025102804080488
Random failure,1248,Bank_10,0.03080520063691546
Random failure,1249,Bank_07,0.03246194484470445
Random failure,1250,Bank_20,0.03774535768745524
Random failure,1251,Bank_05,0.25524124537161796
Random failure,1252,Bank_09,0.02054558688146143
Random failure,1253,Bank_02,0.28049715681577897
Random failure,1254,Bank_16,0.033807221312953356
Random failure,1255,Bank_13,0.0321075807694755
Random failure,1256,Bank_02,0.28049715681577897
Random failure,1257,Bank_05,0.25524124537161796
Random failure,1258,Bank_12,0.049847926664306985
Random failure,1259,Bank_11,0.0399801622024546
Random failure,1260,Bank_17,0.03785880409508039
Random failure,1261,Bank_06,0.03452446330244111
Random failure,1262,Bank_19,0.034159813496486904
Random failure,1263,Bank_09,0.02054558688146143
Random failure,1264,Bank_17,0.03785880409508039
Random failure,1265,Bank_05,0.25524124537161796
Random failure,1266,Bank_01,0.2297705054473075
Random failure,1267,Bank_02,0.28049715681577897
Random failure,1268,Bank_08,0.031372847122408294
Random failure,1269,Bank_20,0.03774535768745524
Random failure,1270,Bank_01,0.2297705054473075
Random failure,1271,Bank_08,0.031372847122408294
Random failure,1272,Bank_03,0.27165350518050047
Random failure,1273,Bank_19,0.034159813496486904
Random failure,1274,Bank_14,0.044543718812041
Random failure,1275,Bank_16,0.033807221312953356
Random failure,1276,Bank_15,0.04479492221037007
Random failure,1277,Bank_14,0.044543718812041
Random failure,1278,Bank_16,0.033807221312953356
Random failure,1279,Bank_01,0.2297705054473075
Random failure,1280,Bank_18,0.02025102804080488
Random failure,1281,Bank_15,0.04479492221037007
Random failure,1282,Bank_15,0.04479492221037007
Random failure,1283,Bank_08,0.031372847122408294
Random failure,1284,Bank_17,0.03785880409508039
Random failure,1285,Bank_08,0.031372847122408294
Random failure,1286,Bank_01,0.2297705054473075
Random failure,1287,Bank_19,0.034159813496486904
Random failure,1288,Bank_05,0.25524124537161796
Random failure,1289,Bank_03,0.27165350518050047
Random failure,1290,Bank_13,0.0321075807694755
Random failure,1291,Bank_05,0.25524124537161796
Random failure,1292,Bank_18,0.02025102804080488
Random failure,1293,Bank_09,0.02054558688146143
Random failure,1294,Bank_01,0.2297705054473075
Random failure,1295,Bank_20,0.03774535768745524
Random failure,1296,Bank_11,0.0399801622024546
Random failure,1297,Bank_06,0.03452446330244111
Random failure,1298,Bank_14,0.044543718812041
Random failure,1299,Bank_11,0.0399801622024546
Random failure,1300,Bank_01,0.2297705054473075
Random failure,1301,Bank_16,0.033807221312953356
Random failure,1302,Bank_09,0.02054558688146143
Random failure,1303,Bank_14,0.044543718812041
Random failure,1304,Bank_18,0.02025102804080488
Random failure,1305,Bank_13,0.0321075807694755
Random failure,1306,Bank_14,0.044543718812041
Random failure,1307,Bank_06,0.03452446330244111
Random failure,1308,Bank_05,0.25524124537161796
Random failure,1309,Bank_09,0.02054558688146143
Random failure,1310,Bank_18,0.02025102804080488
Random failure,1311,Bank_11,0.0399801622024546
Random failure,1312,Bank_07,0.03246194484470445
Random failure,1313,Bank_16,0.033807221312953356
Random failure,1314,Bank_18,0.02025102804080488
Random failure,1315,Bank_19,0.034159813496486904
Random failure,1316,Bank_06,0.03452446330244111
Random failure,1317,Bank_15,0.04479492221037007
Random failure,1318,Bank_12,0.049847926664306985
Random failure,1319,Bank_09,0.02054558688146143
Random failure,1320,Bank_08,0.031372847122408294
Random failure,1321,Bank_03,0.27165350518050047
Random failure,1322,Bank_06,0.03452446330244111
Random failure,1323,Bank_11,0.0399801622024546
Random failure,1324,Bank_18,0.02025102804080488
Random failure,1325,Bank_18,0.02025102804080488
Random failure,1326,Bank_04,0.25567572444338144
Random failure,1327,Bank_14,0.044543718812041
Random failure,1328,Bank_02,0.28049715681577897
Random failure,1329,Bank_14,0.044543718812041
Random failure,1330,Bank_07,0.03246194484470445
Random failure,1331,Bank_09,0.02054558688146143
Random failure,1332,Bank_15,0.04479492221037007
Random failure,1333,Bank_09,0.02054558688146143
Random failure,1334,Bank_17,0.03785880409508039
Random failure,1335,Bank_11,0.0399801622024546
Random failure,1336,Bank_20,0.03774535768745524
Random failure,1337,Bank_13,0.0321075807694755
Random failure,1338,Bank_06,0.03452446330244111
Random failure,1339,Bank_16,0.033807221312953356
Random failure,1340,Bank_09,0.02054558688146143
Random failure,1341,Bank_11,0.0399801622024546
Random failure,1342,Bank_03,0.27165350518050047
Random failure,1343,Bank_03,0.27165350518050047
Random failure,1344,Bank_12,0.049847926664306985
Random failure,1345,Bank_04,0.25567572444338144
Random failure,1346,Bank_20,0.03774535768745524
Random failure,1347,Bank_18,0.02025102804080488
Random failure,1348,Bank_15,0.04479492221037007
Random failure,1349,Bank_15,0.04479492221037007
Random failure,1350,Bank_12,0.049847926664306985
Random failure,1351,Bank_02,0.28049715681577897
Random failure,1352,Bank_08,0.031372847122408294
Random failure,1353,Bank_10,0.03080520063691546
Random failure,1354,Bank_19,0.034159813496486904
Random failure,1355,Bank_05,0.25524124537161796
Random failure,1356,Bank_10,0.03080520063691546
Random failure,1357,Bank_07,0.03246194484470445
Random failure,1358,Bank_03,0.27165350518050047
Random failure,1359,Bank_03,0.27165350518050047
Random failure,1360,Bank_08,0.031372847122408294
Random failure,1361,Bank_02,0.28049715681577897
Random failure,1362,Bank_02,0.28049715681577897
Random failure,1363,Bank_08,0.031372847122408294
Random failure,1364,Bank_05,0.25524124537161796
Random failure,1365,Bank_12,0.049847926664306985
Random failure,1366,Bank_01,0.2297705054473075
Random failure,1367,Bank_07,0.03246194484470445
Random failure,1368,Bank_10,0.03080520063691546
Random failure,1369,Bank_20,0.03774535768745524
Random failure,1370,Bank_13,0.0321075807694755
Random failure,1371,Bank_18,0.02025102804080488
Random failure,1372,Bank_07,0.03246194484470445
Random failure,1373,Bank_09,0.02054558688146143
Random failure,1374,Bank_09,0.02054558688146143
Random failure,1375,Bank_18,0.02025102804080488
Random failure,1376,Bank_20,0.03774535768745524
Random failure,1377,Bank_20,0.03774535768745524
Random failure,1378,Bank_16,0.033807221312953356
Random failure,1379,Bank_11,0.0399801622024546
Random failure,1380,Bank_11,0.0399801622024546
Random failure,1381,Bank_20,0.03774535768745524
Random failure,1382,Bank_06,0.03452446330244111
Random failure,1383,Bank_07,0.03246194484470445
Random failure,1384,Bank_18,0.02025102804080488
Random failure,1385,Bank_08,0.031372847122408294
Random failure,1386,Bank_05,0.25524124537161796
Random failure,1387,Bank_12,0.049847926664306985
Random failure,1388,Bank_07,0.03246194484470445
Random failure,1389,Bank_18,0.02025102804080488
Random failure,1390,Bank_19,0.034159813496486904
Random failure,1391,Bank_07,0.03246194484470445
Random failure,1392,Bank_11,0.0399801622024546
Random failure,1393,Bank_20,0.03774535768745524
Random failure,1394,Bank_15,0.04479492221037007
Random failure,1395,Bank_05,0.25524124537161796
Random failure,1396,Bank_12,0.049847926664306985
Random failure,1397,Bank_13,0.0321075807694755
Random failure,1398,Bank_14,0.044543718812041
Random failure,1399,Bank_01,0.2297705054473075
Random failure,1400,Bank_06,0.03452446330244111
Random failure,1401,Bank_18,0.02025102804080488
Random failure,1402,Bank_05,0.25524124537161796
Random failure,1403,Bank_06,0.03452446330244111
Random failure,1404,Bank_07,0.03246194484470445
Random failure,1405,Bank_04,0.25567572444338144
Random failure,1406,Bank_04,0.25567572444338144
Random failure,1407,Bank_07,0.03246194484470445
Random failure,1408,Bank_18,0.02025102804080488
Random failure,1409,Bank_01,0.2297705054473075
Random failure,1410,Bank_06,0.03452446330244111
Random failure,1411,Bank_02,0.28049715681577897
Random failure,1412,Bank_12,0.049847926664306985
Random failure,1413,Bank_06,0.03452446330244111
Random failure,1414,Bank_16,0.033807221312953356
Random failure,1415,Bank_12,0.049847926664306985
Random failure,1416,Bank_16,0.033807221312953356
Random failure,1417,Bank_13,0.0321075807694755
Random failure,1418,Bank_09,0.02054558688146143
Random failure,1419,Bank_18,0.02025102804080488
Random failure,1420,Bank_10,0.03080520063691546
Random failure,1421,Bank_19,0.034159813496486904
Random failure,1422,Bank_20,0.03774535768745524
Random failure,1423,Bank_12,0.049847926664306985
Random failure,1424,Bank_14,0.044543718812041
Random failure,1425,Bank_06,0.03452446330244111
Random failure,1426,Bank_17,0.03785880409508039
Random failure,1427,Bank_14,0.044543718812041
Random failure,1428,Bank_19,0.034159813496486904
Random failure,1429,Bank_06,0.03452446330244111
Random failure,1430,Bank_16,0.033807221312953356
Random failure,1431,Bank_10,0.03080520063691546
Random failure,1432,Bank_04,0.25567572444338144
Random failure,1433,Bank_04,0.25567572444338144
Random failure,1434,Bank_12,0.049847926664306985
Random failure,1435,Bank_07,0.03246194484470445
Random failure,1436,Bank_03,0.27165350518050047
Random failure,1437,Bank_09,0.02054558688146143
Random failure,1438,Bank_14,0.044543718812041
Random failure,1439,Bank_07,0.03246194484470445
Random failure,1440,Bank_20,0.03774535768745524
Random failure,1441,Bank_16,0.033807221312953356
Random failure,1442,Bank_11,0.0399801622024546
Random failure,1443,Bank_19,0.034159813496486904
Random failure,1444,Bank_09,0.02054558688146143
Random failure,1445,Bank_03,0.27165350518050047
Random failure,1446,Bank_01,0.2297705054473075
Random failure,1447,Bank_19,0.034159813496486904
Random failure,1448,Bank_20,0.03774535768745524
Random failure,1449,Bank_15,0.04479492221037007
Random failure,1450,Bank_03,0.27165350518050047
Random failure,1451,Bank_06,0.03452446330244111
Random failure,1452,Bank_01,0.2297705054473075
Random failure,1453,Bank_02,0.28049715681577897
Random failure,1454,Bank_05,0.25524124537161796
Random failure,1455,Bank_12,0.049847926664306985
Random failure,1456,Bank_02,0.28049715681577897
Random failure,1457,Bank_20,0.03774535768745524
Random failure,1458,Bank_10,0.03080520063691546
Random failure,1459,Bank_06,0.03452446330244111
Random failure,1460,Bank_11,0.0399801622024546
Random failure,1461,Bank_16,0.033807221312953356
Random failure,1462,Bank_07,0.03246194484470445
Random failure,1463,Bank_01,0.2297705054473075
Random failure,1464,Bank_02,0.28049715681577897
Random failure,1465,Bank_18,0.02025102804080488
Random failure,1466,Bank_03,0.27165350518050047
Random failure,1467,Bank_13,0.0321075807694755
Random failure,1468,Bank_08,0.031372847122408294
Random failure,1469,Bank_16,0.033807221312953356
Random failure,1470,Bank_02,0.28049715681577897
Random failure,1471,Bank_18,0.02025102804080488
Random failure,1472,Bank_14,0.044543718812041
Random failure,1473,Bank_09,0.02054558688146143
Random failure,1474,Bank_05,0.25524124537161796
Random failure,1475,Bank_20,0.03774535768745524
Random failure,1476,Bank_07,0.03246194484470445
Random failure,1477,Bank_10,0.03080520063691546
Random failure,1478,Bank_08,0.031372847122408294
Random failure,1479,Bank_05,0.25524124537161796
Random failure,1480,Bank_09,0.02054558688146143
Random failure,1481,Bank_04,0.25567572444338144
Random failure,1482,Bank_01,0.2297705054473075
Random failure,1483,Bank_06,0.03452446330244111
Random failure,1484,Bank_03,0.27165350518050047
Random failure,1485,Bank_09,0.02054558688146143
Random failure,1486,Bank_18,0.02025102804080488
Random failure,1487,Bank_04,0.25567572444338144
Random failure,1488,Bank_01,0.2297705054473075
Random failure,1489,Bank_03,0.27165350518050047
Random failure,1490,Bank_11,0.0399801622024546
Random failure,1491,Bank_06,0.03452446330244111
Random failure,1492,Bank_10,0.03080520063691546
Random failure,1493,Bank_01,0.2297705054473075
Random failure,1494,Bank_07,0.03246194484470445
Random failure,1495,Bank_09,0.02054558688146143
Random failure,1496,Bank_09,0.02054558688146143
Random failure,1497,Bank_12,0.049847926664306985
Random failure,1498,Bank_16,0.033807221312953356
Random failure,1499,Bank_10,0.03080520063691546
Random failure,1500,Bank_17,0.03785880409508039
Random failure,1501,Bank_11,0.0399801622024546
Random failure,1502,Bank_06,0.03452446330244111
Random failure,1503,Bank_05,0.25524124537161796
Random failure,1504,Bank_07,0.03246194484470445
Random failure,1505,Bank_12,0.049847926664306985
Random failure,1506,Bank_05,0.25524124537161796
Random failure,1507,Bank_19,0.034159813496486904
Random failure,1508,Bank_10,0.03080520063691546
Random failure,1509,Bank_18,0.02025102804080488
Random failure,1510,Bank_14,0.044543718812041
Random failure,1511,Bank_07,0.03246194484470445
Random failure,1512,Bank_05,0.25524124537161796
Random failure,1513,Bank_15,0.04479492221037007
Random failure,1514,Bank_07,0.03246194484470445
Random failure,1515,Bank_05,0.25524124537161796
Random failure,1516,Bank_19,0.034159813496486904
Random failure,1517,Bank_10,0.03080520063691546
Random failure,1518,Bank_01,0.2297705054473075
Random failure,1519,Bank_10,0.03080520063691546
Random failure,1520,Bank_10,0.03080520063691546
Random failure,1521,Bank_18,0.02025102804080488
Random failure,1522,Bank_15,0.04479492221037007
Random failure,1523,Bank_04,0.25567572444338144
Random failure,1524,Bank_04,0.25567572444338144
Random failure,1525,Bank_13,0.0321075807694755
Random failure,1526,Bank_01,0.2297705054473075
Random failure,1527,Bank_07,0.03246194484470445
Random failure,1528,Bank_03,0.27165350518050047
Random failure,1529,Bank_01,0.2297705054473075
Random failure,1530,Bank_19,0.034159813496486904
Random failure,1531,Bank_02,0.28049715681577897
Random failure,1532,Bank_01,0.2297705054473075
Random failure,1533,Bank_19,0.034159813496486904
Random failure,1534,Bank_04,0.25567572444338144
Random failure,1535,Bank_17,0.03785880409508039
Random failure,1536,Bank_01,0.2297705054473075
Random failure,1537,Bank_04,0.25567572444338144
Random failure,1538,Bank_03,0.27165350518050047
Random failure,1539,Bank_15,0.04479492221037007
Random failure,1540,Bank_13,0.0321075807694755
Random failure,1541,Bank_10,0.03080520063691546
Random failure,1542,Bank_05,0.25524124537161796
Random failure,1543,Bank_02,0.28049715681577897
Random failure,1544,Bank_12,0.049847926664306985
Random failure,1545,Bank_05,0.25524124537161796
Random failure,1546,Bank_12,0.049847926664306985
Random failure,1547,Bank_14,0.044543718812041
Random failure,1548,Bank_17,0.03785880409508039
Random failure,1549,Bank_10,0.03080520063691546
Random failure,1550,Bank_01,0.2297705054473075
Random failure,1551,Bank_06,0.03452446330244111
Random failure,1552,Bank_18,0.02025102804080488
Random failure,1553,Bank_11,0.0399801622024546
Random failure,1554,Bank_13,0.0321075807694755
Random failure,1555,Bank_10,0.03080520063691546
Random failure,1556,Bank_04,0.25567572444338144
Random failure,1557,Bank_18,0.02025102804080488
Random failure,1558,Bank_16,0.033807221312953356
Random failure,1559,Bank_20,0.03774535768745524
Random failure,1560,Bank_18,0.02025102804080488
Random failure,1561,Bank_06,0.03452446330244111
Random failure,1562,Bank_06,0.03452446330244111
Random failure,1563,Bank_05,0.25524124537161796
Random failure,1564,Bank_19,0.034159813496486904
Random failure,1565,Bank_12,0.049847926664306985
Random failure,1566,Bank_10,0.03080520063691546
Random failure,1567,Bank_20,0.03774535768745524
Random failure,1568,Bank_13,0.0321075807694755
Random failure,1569,Bank_19,0.034159813496486904
Random failure,1570,Bank_20,0.03774535768745524
Random failure,1571,Bank_02,0.28049715681577897
Random failure,1572,Bank_08,0.031372847122408294
Random failure,1573,Bank_15,0.04479492221037007
Random failure,1574,Bank_17,0.03785880409508039
Random failure,1575,Bank_03,0.27165350518050047
Random failure,1576,Bank_07,0.03246194484470445
Random failure,1577,Bank_11,0.0399801622024546
Random failure,1578,Bank_16,0.033807221312953356
Random failure,1579,Bank_03,0.27165350518050047
Random failure,1580,Bank_13,0.0321075807694755
Random failure,1581,Bank_06,0.03452446330244111
Random failure,1582,Bank_05,0.25524124537161796
Random failure,1583,Bank_11,0.0399801622024546
Random failure,1584,Bank_09,0.02054558688146143
Random failure,1585,Bank_13,0.0321075807694755
Random failure,1586,Bank_07,0.03246194484470445
Random failure,1587,Bank_17,0.03785880409508039
Random failure,1588,Bank_02,0.28049715681577897
Random failure,1589,Bank_18,0.02025102804080488
Random failure,1590,Bank_01,0.2297705054473075
Random failure,1591,Bank_15,0.04479492221037007
Random failure,1592,Bank_07,0.03246194484470445
Random failure,1593,Bank_08,0.031372847122408294
Random failure,1594,Bank_01,0.2297705054473075
Random failure,1595,Bank_15,0.04479492221037007
Random failure,1596,Bank_04,0.25567572444338144
Random failure,1597,Bank_14,0.044543718812041
Random failure,1598,Bank_15,0.04479492221037007
Random failure,1599,Bank_17,0.03785880409508039
Random failure,1600,Bank_15,0.04479492221037007
Random failure,1601,Bank_07,0.03246194484470445
Random failure,1602,Bank_15,0.04479492221037007
Random failure,1603,Bank_17,0.03785880409508039
Random failure,1604,Bank_07,0.03246194484470445
Random failure,1605,Bank_03,0.27165350518050047
Random failure,1606,Bank_18,0.02025102804080488
Random failure,1607,Bank_03,0.27165350518050047
Random failure,1608,Bank_12,0.049847926664306985
Random failure,1609,Bank_05,0.25524124537161796
Random failure,1610,Bank_03,0.27165350518050047
Random failure,1611,Bank_16,0.033807221312953356
Random failure,1612,Bank_03,0.27165350518050047
Random failure,1613,Bank_14,0.044543718812041
Random failure,1614,Bank_14,0.044543718812041
Random failure,1615,Bank_02,0.28049715681577897
Random failure,1616,Bank_04,0.25567572444338144
Random failure,1617,Bank_16,0.033807221312953356
Random failure,1618,Bank_11,0.0399801622024546
Random failure,1619,Bank_03,0.27165350518050047
Random failure,1620,Bank_20,0.03774535768745524
Random failure,1621,Bank_06,0.03452446330244111
Random failure,1622,Bank_01,0.2297705054473075
Random failure,1623,Bank_19,0.034159813496486904
Random failure,1624,Bank_01,0.2297705054473075
Random failure,1625,Bank_12,0.049847926664306985
Random failure,1626,Bank_20,0.03774535768745524
Random failure,1627,Bank_12,0.049847926664306985
Random failure,1628,Bank_12,0.049847926664306985
Random failure,1629,Bank_08,0.031372847122408294
Random failure,1630,Bank_03,0.27165350518050047
Random failure,1631,Bank_12,0.049847926664306985
Random failure,1632,Bank_18,0.02025102804080488
Random failure,1633,Bank_02,0.28049715681577897
Random failure,1634,Bank_18,0.02025102804080488
Random failure,1635,Bank_09,0.02054558688146143
Random failure,1636,Bank_11,0.0399801622024546
Random failure,1637,Bank_04,0.25567572444338144
Random failure,1638,Bank_13,0.0321075807694755
Random failure,1639,Bank_04,0.25567572444338144
Random failure,1640,Bank_06,0.03452446330244111
Random failure,1641,Bank_15,0.04479492221037007
Random failure,1642,Bank_02,0.28049715681577897
Random failure,1643,Bank_09,0.02054558688146143
Random failure,1644,Bank_12,0.049847926664306985
Random failure,1645,Bank_03,0.27165350518050047
Random failure,1646,Bank_06,0.03452446330244111
Random failure,1647,Bank_07,0.03246194484470445
Random failure,1648,Bank_14,0.044543718812041
Random failure,1649,Bank_20,0.03774535768745524
Random failure,1650,Bank_17,0.03785880409508039
Random failure,1651,Bank_04,0.25567572444338144
Random failure,1652,Bank_01,0.2297705054473075
Random failure,1653,Bank_02,0.28049715681577897
Random failure,1654,Bank_12,0.049847926664306985
Random failure,1655,Bank_04,0.25567572444338144
Random failure,1656,Bank_05,0.25524124537161796
Random failure,1657,Bank_17,0.03785880409508039
Random failure,1658,Bank_18,0.02025102804080488
Random failure,1659,Bank_17,0.03785880409508039
Random failure,1660,Bank_06,0.03452446330244111
Random failure,1661,Bank_13,0.0321075807694755
Random failure,1662,Bank_13,0.0321075807694755
Random failure,1663,Bank_04,0.25567572444338144
Random failure,1664,Bank_12,0.049847926664306985
Random failure,1665,Bank_11,0.0399801622024546
Random failure,1666,Bank_08,0.031372847122408294
Random failure,1667,Bank_16,0.033807221312953356
Random failure,1668,Bank_14,0.044543718812041
Random failure,1669,Bank_11,0.0399801622024546
Random failure,1670,Bank_15,0.04479492221037007
Random failure,1671,Bank_16,0.033807221312953356
Random failure,1672,Bank_12,0.049847926664306985
Random failure,1673,Bank_06,0.03452446330244111
Random failure,1674,Bank_16,0.033807221312953356
Random failure,1675,Bank_15,0.04479492221037007
Random failure,1676,Bank_20,0.03774535768745524
Random failure,1677,Bank_03,0.27165350518050047
Random failure,1678,Bank_09,0.02054558688146143
Random failure,1679,Bank_19,0.034159813496486904
Random failure,1680,Bank_11,0.0399801622024546
Random failure,1681,Bank_19,0.034159813496486904
Random failure,1682,Bank_01,0.2297705054473075
Random failure,1683,Bank_01,0.2297705054473075
Random failure,1684,Bank_16,0.033807221312953356
Random failure,1685,Bank_08,0.031372847122408294
Random failure,1686,Bank_11,0.0399801622024546
Random failure,1687,Bank_09,0.02054558688146143
Random failure,1688,Bank_09,0.02054558688146143
Random failure,1689,Bank_19,0.034159813496486904
Random failure,1690,Bank_02,0.28049715681577897
Random failure,1691,Bank_16,0.033807221312953356
Random failure,1692,Bank_18,0.02025102804080488
Random failure,1693,Bank_14,0.044543718812041
Random failure,1694,Bank_08,0.031372847122408294
Random failure,1695,Bank_04,0.25567572444338144
Random failure,1696,Bank_14,0.044543718812041
Random failure,1697,Bank_10,0.03080520063691546
Random failure,1698,Bank_03,0.27165350518050047
Random failure,1699,Bank_08,0.031372847122408294
Random failure,1700,Bank_20,0.03774535768745524
Random failure,1701,Bank_06,0.03452446330244111
Random failure,1702,Bank_04,0.25567572444338144
Random failure,1703,Bank_14,0.044543718812041
Random failure,1704,Bank_04,0.25567572444338144
Random failure,1705,Bank_19,0.034159813496486904
Random failure,1706,Bank_18,0.02025102804080488
Random failure,1707,Bank_20,0.03774535768745524
Random failure,1708,Bank_19,0.034159813496486904
Random failure,1709,Bank_05,0.25524124537161796
Random failure,1710,Bank_05,0.25524124537161796
Random failure,1711,Bank_07,0.03246194484470445
Random failure,1712,Bank_10,0.03080520063691546
Random failure,1713,Bank_18,0.02025102804080488
Random failure,1714,Bank_15,0.04479492221037007
Random failure,1715,Bank_13,0.0321075807694755
Random failure,1716,Bank_18,0.02025102804080488
Random failure,1717,Bank_13,0.0321075807694755
Random failure,1718,Bank_08,0.031372847122408294
Random failure,1719,Bank_09,0.02054558688146143
Random failure,1720,Bank_11,0.0399801622024546
Random failure,1721,Bank_02,0.28049715681577897
Random failure,1722,Bank_15,0.04479492221037007
Random failure,1723,Bank_14,0.044543718812041
Random failure,1724,Bank_15,0.04479492221037007
Random failure,1725,Bank_11,0.0399801622024546
Random failure,1726,Bank_16,0.033807221312953356
Random failure,1727,Bank_19,0.034159813496486904
Random failure,1728,Bank_12,0.049847926664306985
Random failure,1729,Bank_09,0.02054558688146143
Random failure,1730,Bank_03,0.27165350518050047
Random failure,1731,Bank_16,0.033807221312953356
Random failure,1732,Bank_19,0.034159813496486904
Random failure,1733,Bank_14,0.044543718812041
Random failure,1734,Bank_18,0.02025102804080488
Random failure,1735,Bank_18,0.02025102804080488
Random failure,1736,Bank_16,0.033807221312953356
Random failure,1737,Bank_11,0.0399801622024546
Random failure,1738,Bank_02,0.28049715681577897
Random failure,1739,Bank_01,0.2297705054473075
Random failure,1740,Bank_05,0.25524124537161796
Random failure,1741,Bank_09,0.02054558688146143
Random failure,1742,Bank_15,0.04479492221037007
Random failure,1743,Bank_10,0.03080520063691546
Random failure,1744,Bank_01,0.2297705054473075
Random failure,1745,Bank_05,0.25524124537161796
Random failure,1746,Bank_20,0.03774535768745524
Random failure,1747,Bank_20,0.03774535768745524
Random failure,1748,Bank_08,0.031372847122408294
Random failure,1749,Bank_17,0.03785880409508039
Random failure,1750,Bank_15,0.04479492221037007
Random failure,1751,Bank_19,0.034159813496486904
Random failure,1752,Bank_18,0.02025102804080488
Random failure,1753,Bank_13,0.0321075807694755
Random failure,1754,Bank_08,0.031372847122408294
Random failure,1755,Bank_13,0.0321075807694755
Random failure,1756,Bank_07,0.03246194484470445
Random failure,1757,Bank_07,0.03246194484470445
Random failure,1758,Bank_13,0.0321075807694755
Random failure,1759,Bank_12,0.049847926664306985
Random failure,1760,Bank_12,0.049847926664306985
Random failure,1761,Bank_08,0.031372847122408294
Random failure,1762,Bank_09,0.02054558688146143
Random failure,1763,Bank_01,0.2297705054473075
Random failure,1764,Bank_13,0.0321075807694755
Random failure,1765,Bank_12,0.049847926664306985
Random failure,1766,Bank_19,0.034159813496486904
Random failure,1767,Bank_11,0.0399801622024546
Random failure,1768,Bank_10,0.03080520063691546
Random failure,1769,Bank_02,0.28049715681577897
Random failure,1770,Bank_04,0.25567572444338144
Random failure,1771,Bank_07,0.03246194484470445
Random failure,1772,Bank_08,0.031372847122408294
Random failure,1773,Bank_08,0.031372847122408294
Random failure,1774,Bank_08,0.031372847122408294
Random failure,1775,Bank_16,0.033807221312953356
Random failure,1776,Bank_03,0.27165350518050047
Random failure,1777,Bank_07,0.03246194484470445
Random failure,1778,Bank_04,0.25567572444338144
Random failure,1779,Bank_07,0.03246194484470445
Random failure,1780,Bank_14,0.044543718812041
Random failure,1781,Bank_01,0.2297705054473075
Random failure,1782,Bank_07,0.03246194484470445
Random failure,1783,Bank_01,0.2297705054473075
Random failure,1784,Bank_20,0.03774535768745524
Random failure,1785,Bank_15,0.04479492221037007
Random failure,1786,Bank_05,0.25524124537161796
Random failure,1787,Bank_04,0.25567572444338144
Random failure,1788,Bank_02,0.28049715681577897
Random failure,1789,Bank_10,0.03080520063691546
Random failure,1790,Bank_16,0.033807221312953356
Random failure,1791,Bank_12,0.049847926664306985
Random failure,1792,Bank_18,0.02025102804080488
Random failure,1793,Bank_07,0.03246194484470445
Random failure,1794,Bank_06,0.03452446330244111
Random failure,1795,Bank_10,0.03080520063691546
Random failure,1796,Bank_05,0.25524124537161796
Random failure,1797,Bank_20,0.03774535768745524
Random failure,1798,Bank_04,0.25567572444338144
Random failure,1799,Bank_10,0.03080520063691546
Random failure,1800,Bank_11,0.0399801622024546
Random failure,1801,Bank_02,0.28049715681577897
Random failure,1802,Bank_10,0.03080520063691546
Random failure,1803,Bank_10,0.03080520063691546
Random failure,1804,Bank_06,0.03452446330244111
Random failure,1805,Bank_03,0.27165350518050047
Random failure,1806,Bank_01,0.2297705054473075
Random failure,1807,Bank_01,0.2297705054473075
Random failure,1808,Bank_10,0.03080520063691546
Random failure,1809,Bank_02,0.28049715681577897
Random failure,1810,Bank_20,0.03774535768745524
Random failure,1811,Bank_05,0.25524124537161796
Random failure,1812,Bank_14,0.044543718812041
Random failure,1813,Bank_14,0.044543718812041
Random failure,1814,Bank_10,0.03080520063691546
Random failure,1815,Bank_18,0.02025102804080488
Random failure,1816,Bank_03,0.27165350518050047
Random failure,1817,Bank_05,0.25524124537161796
Random failure,1818,Bank_06,0.03452446330244111
Random failure,1819,Bank_03,0.27165350518050047
Random failure,1820,Bank_06,0.03452446330244111
Random failure,1821,Bank_07,0.03246194484470445
Random failure,1822,Bank_16,0.033807221312953356
Random failure,1823,Bank_07,0.03246194484470445
Random failure,1824,Bank_18,0.02025102804080488
Random failure,1825,Bank_16,0.033807221312953356
Random failure,1826,Bank_19,0.034159813496486904
Random failure,1827,Bank_03,0.27165350518050047
Random failure,1828,Bank_20,0.03774535768745524
Random failure,1829,Bank_13,0.0321075807694755
Random failure,1830,Bank_20,0.03774535768745524
Random failure,1831,Bank_08,0.031372847122408294
Random failure,1832,Bank_20,0.03774535768745524
Random failure,1833,Bank_12,0.049847926664306985
Random failure,1834,Bank_02,0.28049715681577897
Random failure,1835,Bank_09,0.02054558688146143
Random failure,1836,Bank_03,0.27165350518050047
Random failure,1837,Bank_19,0.034159813496486904
Random failure,1838,Bank_07,0.03246194484470445
Random failure,1839,Bank_05,0.25524124537161796
Random failure,1840,Bank_12,0.049847926664306985
Random failure,1841,Bank_09,0.02054558688146143
Random failure,1842,Bank_02,0.28049715681577897
Random failure,1843,Bank_17,0.03785880409508039
Random failure,1844,Bank_17,0.03785880409508039
Random failure,1845,Bank_15,0.04479492221037007
Random failure,1846,Bank_13,0.0321075807694755
Random failure,1847,Bank_09,0.02054558688146143
Random failure,1848,Bank_11,0.0399801622024546
Random failure,1849,Bank_11,0.0399801622024546
Random failure,1850,Bank_04,0.25567572444338144
Random failure,1851,Bank_02,0.28049715681577897
Random failure,1852,Bank_06,0.03452446330244111
Random failure,1853,Bank_10,0.03080520063691546
Random failure,1854,Bank_04,0.25567572444338144
Random failure,1855,Bank_03,0.27165350518050047
Random failure,1856,Bank_18,0.02025102804080488
Random failure,1857,Bank_08,0.031372847122408294
Random failure,1858,Bank_12,0.049847926664306985
Random failure,1859,Bank_11,0.0399801622024546
Random failure,1860,Bank_15,0.04479492221037007
Random failure,1861,Bank_15,0.04479492221037007
Random failure,1862,Bank_06,0.03452446330244111
Random failure,1863,Bank_17,0.03785880409508039
Random failure,1864,Bank_08,0.031372847122408294
Random failure,1865,Bank_17,0.03785880409508039
Random failure,1866,Bank_09,0.02054558688146143
Random failure,1867,Bank_03,0.27165350518050047
Random failure,1868,Bank_16,0.033807221312953356
Random failure,1869,Bank_01,0.2297705054473075
Random failure,1870,Bank_16,0.033807221312953356
Random failure,1871,Bank_01,0.2297705054473075
Random failure,1872,Bank_05,0.25524124537161796
Random failure,1873,Bank_13,0.0321075807694755
Random failure,1874,Bank_19,0.034159813496486904
Random failure,1875,Bank_09,0.02054558688146143
Random failure,1876,Bank_03,0.27165350518050047
Random failure,1877,Bank_05,0.25524124537161796
Random failure,1878,Bank_18,0.02025102804080488
Random failure,1879,Bank_15,0.04479492221037007
Random failure,1880,Bank_03,0.27165350518050047
Random failure,1881,Bank_08,0.031372847122408294
Random failure,1882,Bank_06,0.03452446330244111
Random failure,1883,Bank_04,0.25567572444338144
Random failure,1884,Bank_17,0.03785880409508039
Random failure,1885,Bank_13,0.0321075807694755
Random failure,1886,Bank_04,0.25567572444338144
Random failure,1887,Bank_14,0.044543718812041
Random failure,1888,Bank_09,0.02054558688146143
Random failure,1889,Bank_02,0.28049715681577897
Random failure,1890,Bank_09,0.02054558688146143
Random failure,1891,Bank_04,0.25567572444338144
Random failure,1892,Bank_05,0.25524124537161796
Random failure,1893,Bank_18,0.02025102804080488
Random failure,1894,Bank_15,0.04479492221037007
Random failure,1895,Bank_03,0.27165350518050047
Random failure,1896,Bank_18,0.02025102804080488
Random failure,1897,Bank_12,0.049847926664306985
Random failure,1898,Bank_18,0.02025102804080488
Random failure,1899,Bank_15,0.04479492221037007
Random failure,1900,Bank_07,0.03246194484470445
Random failure,1901,Bank_11,0.0399801622024546
Random failure,1902,Bank_11,0.0399801622024546
Random failure,1903,Bank_15,0.04479492221037007
Random failure,1904,Bank_05,0.25524124537161796
Random failure,1905,Bank_07,0.03246194484470445
Random failure,1906,Bank_05,0.25524124537161796
Random failure,1907,Bank_06,0.03452446330244111
Random failure,1908,Bank_04,0.25567572444338144
Random failure,1909,Bank_01,0.2297705054473075
Random failure,1910,Bank_19,0.034159813496486904
Random failure,1911,Bank_02,0.28049715681577897
Random failure,1912,Bank_18,0.02025102804080488
Random failure,1913,Bank_01,0.2297705054473075
Random failure,1914,Bank_16,0.033807221312953356
Random failure,1915,Bank_07,0.03246194484470445
Random failure,1916,Bank_11,0.0399801622024546
Random failure,1917,Bank_06,0.03452446330244111
Random failure,1918,Bank_10,0.03080520063691546
Random failure,1919,Bank_10,0.03080520063691546
Random failure,1920,Bank_11,0.0399801622024546
Random failure,1921,Bank_08,0.031372847122408294
Random failure,1922,Bank_11,0.0399801622024546
Random failure,1923,Bank_17,0.03785880409508039
Random failure,1924,Bank_09,0.02054558688146143
Random failure,1925,Bank_08,0.031372847122408294
Random failure,1926,Bank_03,0.27165350518050047
Random failure,1927,Bank_08,0.031372847122408294
Random failure,1928,Bank_03,0.27165350518050047
Random failure,1929,Bank_04,0.25567572444338144
Random failure,1930,Bank_20,0.03774535768745524
Random failure,1931,Bank_02,0.28049715681577897
Random failure,1932,Bank_10,0.03080520063691546
Random failure,1933,Bank_17,0.03785880409508039
Random failure,1934,Bank_20,0.03774535768745524
Random failure,1935,Bank_03,0.27165350518050047
Random failure,1936,Bank_04,0.25567572444338144
Random failure,1937,Bank_08,0.031372847122408294
Random failure,1938,Bank_12,0.049847926664306985
Random failure,1939,Bank_20,0.03774535768745524
Random failure,1940,Bank_05,0.25524124537161796
Random failure,1941,Bank_04,0.25567572444338144
Random failure,1942,Bank_06,0.03452446330244111
Random failure,1943,Bank_18,0.02025102804080488
Random failure,1944,Bank_01,0.2297705054473075
Random failure,1945,Bank_08,0.031372847122408294
Random failure,1946,Bank_03,0.27165350518050047
Random failure,1947,Bank_04,0.25567572444338144
Random failure,1948,Bank_19,0.034159813496486904
Random failure,1949,Bank_01,0.2297705054473075
Random failure,1950,Bank_07,0.03246194484470445
Random failure,1951,Bank_19,0.034159813496486904
Random failure,1952,Bank_13,0.0321075807694755
Random failure,1953,Bank_02,0.28049715681577897
Random failure,1954,Bank_10,0.03080520063691546
Random failure,1955,Bank_20,0.03774535768745524
Random failure,1956,Bank_09,0.02054558688146143
Random failure,1957,Bank_11,0.0399801622024546
Random failure,1958,Bank_11,0.0399801622024546
Random failure,1959,Bank_14,0.044543718812041
Random failure,1960,Bank_04,0.25567572444338144
Random failure,1961,Bank_17,0.03785880409508039
Random failure,1962,Bank_20,0.03774535768745524
Random failure,1963,Bank_03,0.27165350518050047
Random failure,1964,Bank_17,0.03785880409508039
Random failure,1965,Bank_17,0.03785880409508039
Random failure,1966,Bank_15,0.04479492221037007
Random failure,1967,Bank_08,0.031372847122408294
Random failure,1968,Bank_10,0.03080520063691546
Random failure,1969,Bank_17,0.03785880409508039
Random failure,1970,Bank_04,0.25567572444338144
Random failure,1971,Bank_17,0.03785880409508039
Random failure,1972,Bank_19,0.034159813496486904
Random failure,1973,Bank_14,0.044543718812041
Random failure,1974,Bank_07,0.03246194484470445
Random failure,1975,Bank_12,0.049847926664306985
Random failure,1976,Bank_02,0.28049715681577897
Random failure,1977,Bank_19,0.034159813496486904
Random failure,1978,Bank_07,0.03246194484470445
Random failure,1979,Bank_02,0.28049715681577897
Random failure,1980,Bank_16,0.033807221312953356
Random failure,1981,Bank_14,0.044543718812041
Random failure,1982,Bank_13,0.0321075807694755
Random failure,1983,Bank_02,0.28049715681577897
Random failure,1984,Bank_16,0.033807221312953356
Random failure,1985,Bank_13,0.0321075807694755
Random failure,1986,Bank_16,0.033807221312953356
Random failure,1987,Bank_17,0.03785880409508039
Random failure,1988,Bank_05,0.25524124537161796
Random failure,1989,Bank_05,0.25524124537161796
Random failure,1990,Bank_19,0.034159813496486904
Random failure,1991,Bank_11,0.0399801622024546
Random failure,1992,Bank_09,0.02054558688146143
Random failure,1993,Bank_06,0.03452446330244111
Random failure,1994,Bank_13,0.0321075807694755
Random failure,1995,Bank_16,0.033807221312953356
Random failure,1996,Bank_01,0.2297705054473075
Random failure,1997,Bank_12,0.049847926664306985
Random failure,1998,Bank_20,0.03774535768745524
Random failure,1999,Bank_06,0.03452446330244111
Random failure,2000,Bank_06,0.03452446330244111
Random failure,2001,Bank_18,0.02025102804080488
Random failure,2002,Bank_02,0.28049715681577897
Random failure,2003,Bank_08,0.031372847122408294
Random failure,2004,Bank_10,0.03080520063691546
Random failure,2005,Bank_16,0.033807221312953356
Random failure,2006,Bank_03,0.27165350518050047
Random failure,2007,Bank_09,0.02054558688146143
Random failure,2008,Bank_04,0.25567572444338144
Random failure,2009,Bank_16,0.033807221312953356
Random failure,2010,Bank_13,0.0321075807694755
Random failure,2011,Bank_10,0.03080520063691546
Random failure,2012,Bank_08,0.031372847122408294
Random failure,2013,Bank_04,0.25567572444338144
Random failure,2014,Bank_19,0.034159813496486904
Random failure,2015,Bank_13,0.0321075807694755
Random failure,2016,Bank_07,0.03246194484470445
Random failure,2017,Bank_09,0.02054558688146143
Random failure,2018,Bank_15,0.04479492221037007
Random failure,2019,Bank_15,0.04479492221037007
Random failure,2020,Bank_10,0.03080520063691546
Random failure,2021,Bank_07,0.03246194484470445
Random failure,2022,Bank_14,0.044543718812041
Random failure,2023,Bank_14,0.044543718812041
Random failure,2024,Bank_12,0.049847926664306985
Random failure,2025,Bank_02,0.28049715681577897
Random failure,2026,Bank_10,0.03080520063691546
Random failure,2027,Bank_13,0.0321075807694755
Random failure,2028,Bank_20,0.03774535768745524
Random failure,2029,Bank_11,0.0399801622024546
Random failure,2030,Bank_07,0.03246194484470445
Random failure,2031,Bank_12,0.049847926664306985
Random failure,2032,Bank_04,0.25567572444338144
Random failure,2033,Bank_02,0.28049715681577897
Random failure,2034,Bank_14,0.044543718812041
Random failure,2035,Bank_20,0.03774535768745524
Random failure,2036,Bank_17,0.03785880409508039
Random failure,2037,Bank_12,0.049847926664306985
Random failure,2038,Bank_01,0.2297705054473075
Random failure,2039,Bank_20,0.03774535768745524
Random failure,2040,Bank_09,0.02054558688146143
Random failure,2041,Bank_06,0.03452446330244111
Random failure,2042,Bank_18,0.02025102804080488
Random failure,2043,Bank_15,0.04479492221037007
Random failure,2044,Bank_15,0.04479492221037007
Random failure,2045,Bank_06,0.03452446330244111
Random failure,2046,Bank_20,0.03774535768745524
Random failure,2047,Bank_10,0.03080520063691546
Random failure,2048,Bank_11,0.0399801622024546
Random failure,2049,Bank_16,0.033807221312953356
Random failure,2050,Bank_14,0.044543718812041
Random failure,2051,Bank_04,0.25567572444338144
Random failure,2052,Bank_07,0.03246194484470445
Random failure,2053,Bank_08,0.031372847122408294
Random failure,2054,Bank_19,0.034159813496486904
Random failure,2055,Bank_15,0.04479492221037007
Random failure,2056,Bank_08,0.031372847122408294
Random failure,2057,Bank_15,0.04479492221037007
Random failure,2058,Bank_15,0.04479492221037007
Random failure,2059,Bank_08,0.031372847122408294
Random failure,2060,Bank_09,0.02054558688146143
Random failure,2061,Bank_18,0.02025102804080488
Random failure,2062,Bank_12,0.049847926664306985
Random failure,2063,Bank_03,0.27165350518050047
Random failure,2064,Bank_15,0.04479492221037007
Random failure,2065,Bank_12,0.049847926664306985
Random failure,2066,Bank_11,0.0399801622024546
Random failure,2067,Bank_15,0.04479492221037007
Random failure,2068,Bank_19,0.034159813496486904
Random failure,2069,Bank_07,0.03246194484470445
Random failure,2070,Bank_09,0.02054558688146143
Random failure,2071,Bank_04,0.25567572444338144
Random failure,2072,Bank_13,0.0321075807694755
Random failure,2073,Bank_09,0.02054558688146143
Random failure,2074,Bank_07,0.03246194484470445
Random failure,2075,Bank_14,0.044543718812041
Random failure,2076,Bank_09,0.02054558688146143
Random failure,2077,Bank_10,0.03080520063691546
Random failure,2078,Bank_09,0.02054558688146143
Random failure,2079,Bank_06,0.03452446330244111
Random failure,2080,Bank_03,0.27165350518050047
Random failure,2081,Bank_17,0.03785880409508039
Random failure,2082,Bank_02,0.28049715681577897
Random failure,2083,Bank_07,0.03246194484470445
Random failure,2084,Bank_14,0.044543718812041
Random failure,2085,Bank_03,0.27165350518050047
Random failure,2086,Bank_14,0.044543718812041
Random failure,2087,Bank_15,0.04479492221037007
Random failure,2088,Bank_14,0.044543718812041
Random failure,2089,Bank_07,0.03246194484470445
Random failure,2090,Bank_01,0.2297705054473075
Random failure,2091,Bank_18,0.02025102804080488
Random failure,2092,Bank_07,0.03246194484470445
Random failure,2093,Bank_17,0.03785880409508039
Random failure,2094,Bank_04,0.25567572444338144
Random failure,2095,Bank_04,0.25567572444338144
Random failure,2096,Bank_16,0.033807221312953356
Random failure,2097,Bank_19,0.034159813496486904
Random failure,2098,Bank_18,0.02025102804080488
Random failure,2099,Bank_16,0.033807221312953356
Random failure,2100,Bank_05,0.25524124537161796
Random failure,2101,Bank_19,0.034159813496486904
Random failure,2102,Bank_14,0.044543718812041
Random failure,2103,Bank_04,0.25567572444338144
Random failure,2104,Bank_03,0.27165350518050047
Random failure,2105,Bank_18,0.02025102804080488
Random failure,2106,Bank_06,0.03452446330244111
Random failure,2107,Bank_16,0.033807221312953356
Random failure,2108,Bank_03,0.27165350518050047
Random failure,2109,Bank_06,0.03452446330244111
Random failure,2110,Bank_06,0.03452446330244111
Random failure,2111,Bank_06,0.03452446330244111
Random failure,2112,Bank_14,0.044543718812041
Random failure,2113,Bank_19,0.034159813496486904
Random failure,2114,Bank_19,0.034159813496486904
Random failure,2115,Bank_15,0.04479492221037007
Random failure,2116,Bank_05,0.25524124537161796
Random failure,2117,Bank_20,0.03774535768745524
Random failure,2118,Bank_11,0.0399801622024546
Random failure,2119,Bank_11,0.0399801622024546
Random failure,2120,Bank_15,0.04479492221037007
Random failure,2121,Bank_16,0.033807221312953356
Random failure,2122,Bank_20,0.03774535768745524
Random failure,2123,Bank_12,0.049847926664306985
Random failure,2124,Bank_13,0.0321075807694755
Random failure,2125,Bank_15,0.04479492221037007
Random failure,2126,Bank_06,0.03452446330244111
Random failure,2127,Bank_07,0.03246194484470445
Random failure,2128,Bank_13,0.0321075807694755
Random failure,2129,Bank_02,0.28049715681577897
Random failure,2130,Bank_07,0.03246194484470445
Random failure,2131,Bank_15,0.04479492221037007
Random failure,2132,Bank_20,0.03774535768745524
Random failure,2133,Bank_11,0.0399801622024546
Random failure,2134,Bank_08,0.031372847122408294
Random failure,2135,Bank_09,0.02054558688146143
Random failure,2136,Bank_14,0.044543718812041
Random failure,2137,Bank_11,0.0399801622024546
Random failure,2138,Bank_01,0.2297705054473075
Random failure,2139,Bank_11,0.0399801622024546
Random failure,2140,Bank_09,0.02054558688146143
Random failure,2141,Bank_15,0.04479492221037007
Random failure,2142,Bank_18,0.02025102804080488
Random failure,2143,Bank_20,0.03774535768745524
Random failure,2144,Bank_13,0.0321075807694755
Random failure,2145,Bank_08,0.031372847122408294
Random failure,2146,Bank_09,0.02054558688146143
Random failure,2147,Bank_04,0.25567572444338144
Random failure,2148,Bank_19,0.034159813496486904
Random failure,2149,Bank_17,0.03785880409508039
Random failure,2150,Bank_18,0.02025102804080488
Random failure,2151,Bank_07,0.03246194484470445
Random failure,2152,Bank_07,0.03246194484470445
Random failure,2153,Bank_18,0.02025102804080488
Random failure,2154,Bank_11,0.0399801622024546
Random failure,2155,Bank_15,0.04479492221037007
Random failure,2156,Bank_10,0.03080520063691546
Random failure,2157,Bank_09,0.02054558688146143
Random failure,2158,Bank_13,0.0321075807694755
Random failure,2159,Bank_17,0.03785880409508039
Random failure,2160,Bank_07,0.03246194484470445
Random failure,2161,Bank_17,0.03785880409508039
Random failure,2162,Bank_05,0.25524124537161796
Random failure,2163,Bank_09,0.02054558688146143
Random failure,2164,Bank_19,0.034159813496486904
Random failure,2165,Bank_20,0.03774535768745524
Random failure,2166,Bank_19,0.034159813496486904
Random failure,2167,Bank_07,0.03246194484470445
Random failure,2168,Bank_17,0.03785880409508039
Random failure,2169,Bank_19,0.034159813496486904
Random failure,2170,Bank_20,0.03774535768745524
Random failure,2171,Bank_01,0.2297705054473075
Random failure,2172,Bank_15,0.04479492221037007
Random failure,2173,Bank_20,0.03774535768745524
Random failure,2174,Bank_16,0.033807221312953356
Random failure,2175,Bank_05,0.25524124537161796
Random failure,2176,Bank_16,0.033807221312953356
Random failure,2177,Bank_03,0.27165350518050047
Random failure,2178,Bank_10,0.03080520063691546
Random failure,2179,Bank_13,0.0321075807694755
Random failure,2180,Bank_10,0.03080520063691546
Random failure,2181,Bank_14,0.044543718812041
Random failure,2182,Bank_05,0.25524124537161796
Random failure,2183,Bank_13,0.0321075807694755
Random failure,2184,Bank_13,0.0321075807694755
Random failure,2185,Bank_13,0.0321075807694755
Random failure,2186,Bank_06,0.03452446330244111
Random failure,2187,Bank_07,0.03246194484470445
Random failure,2188,Bank_06,0.03452446330244111
Random failure,2189,Bank_10,0.03080520063691546
Random failure,2190,Bank_12,0.049847926664306985
Random failure,2191,Bank_08,0.031372847122408294
Random failure,2192,Bank_09,0.02054558688146143
Random failure,2193,Bank_06,0.03452446330244111
Random failure,2194,Bank_05,0.25524124537161796
Random failure,2195,Bank_14,0.044543718812041
Random failure,2196,Bank_17,0.03785880409508039
Random failure,2197,Bank_06,0.03452446330244111
Random failure,2198,Bank_18,0.02025102804080488
Random failure,2199,Bank_12,0.049847926664306985
Random failure,2200,Bank_04,0.25567572444338144
Random failure,2201,Bank_08,0.031372847122408294
Random failure,2202,Bank_01,0.2297705054473075
Random failure,2203,Bank_01,0.2297705054473075
Random failure,2204,Bank_07,0.03246194484470445
Random failure,2205,Bank_10,0.03080520063691546
Random failure,2206,Bank_16,0.033807221312953356
Random failure,2207,Bank_03,0.27165350518050047
Random failure,2208,Bank_17,0.03785880409508039
Random failure,2209,Bank_05,0.25524124537161796
Random failure,2210,Bank_03,0.27165350518050047
Random failure,2211,Bank_14,0.044543718812041
Random failure,2212,Bank_16,0.033807221312953356
Random failure,2213,Bank_13,0.0321075807694755
Random failure,2214,Bank_03,0.27165350518050047
Random failure,2215,Bank_03,0.27165350518050047
Random failure,2216,Bank_08,0.031372847122408294
Random failure,2217,Bank_10,0.03080520063691546
Random failure,2218,Bank_20,0.03774535768745524
Random failure,2219,Bank_06,0.03452446330244111
Random failure,2220,Bank_04,0.25567572444338144
Random failure,2221,Bank_19,0.034159813496486904
Random failure,2222,Bank_04,0.25567572444338144
Random failure,2223,Bank_01,0.2297705054473075
Random failure,2224,Bank_09,0.02054558688146143
Random failure,2225,Bank_09,0.02054558688146143
Random failure,2226,Bank_13,0.0321075807694755
Random failure,2227,Bank_18,0.02025102804080488
Random failure,2228,Bank_19,0.034159813496486904
Random failure,2229,Bank_06,0.03452446330244111
Random failure,2230,Bank_20,0.03774535768745524
Random failure,2231,Bank_13,0.0321075807694755
Random failure,2232,Bank_02,0.28049715681577897
Random failure,2233,Bank_19,0.034159813496486904
Random failure,2234,Bank_03,0.27165350518050047
Random failure,2235,Bank_12,0.049847926664306985
Random failure,2236,Bank_16,0.033807221312953356
Random failure,2237,Bank_05,0.25524124537161796
Random failure,2238,Bank_06,0.03452446330244111
Random failure,2239,Bank_10,0.03080520063691546
Random failure,2240,Bank_18,0.02025102804080488
Random failure,2241,Bank_05,0.25524124537161796
Random failure,2242,Bank_14,0.044543718812041
Random failure,2243,Bank_10,0.03080520063691546
Random failure,2244,Bank_03,0.27165350518050047
Random failure,2245,Bank_15,0.04479492221037007
Random failure,2246,Bank_17,0.03785880409508039
Random failure,2247,Bank_12,0.049847926664306985
Random failure,2248,Bank_04,0.25567572444338144
Random failure,2249,Bank_04,0.25567572444338144
Random failure,2250,Bank_09,0.02054558688146143
Random failure,2251,Bank_11,0.0399801622024546
Random failure,2252,Bank_12,0.049847926664306985
Random failure,2253,Bank_05,0.25524124537161796
Random failure,2254,Bank_11,0.0399801622024546
Random failure,2255,Bank_06,0.03452446330244111
Random failure,2256,Bank_14,0.044543718812041
Random failure,2257,Bank_16,0.033807221312953356
Random failure,2258,Bank_14,0.044543718812041
Random failure,2259,Bank_01,0.2297705054473075
Random failure,2260,Bank_20,0.03774535768745524
Random failure,2261,Bank_01,0.2297705054473075
Random failure,2262,Bank_20,0.03774535768745524
Random failure,2263,Bank_01,0.2297705054473075
Random failure,2264,Bank_11,0.0399801622024546
Random failure,2265,Bank_03,0.27165350518050047
Random failure,2266,Bank_02,0.28049715681577897
Random failure,2267,Bank_14,0.044543718812041
Random failure,2268,Bank_15,0.04479492221037007
Random failure,2269,Bank_03,0.27165350518050047
Random failure,2270,Bank_20,0.03774535768745524
Random failure,2271,Bank_07,0.03246194484470445
Random failure,2272,Bank_07,0.03246194484470445
Random failure,2273,Bank_06,0.03452446330244111
Random failure,2274,Bank_10,0.03080520063691546
Random failure,2275,Bank_04,0.25567572444338144
Random failure,2276,Bank_09,0.02054558688146143
Random failure,2277,Bank_05,0.25524124537161796
Random failure,2278,Bank_02,0.28049715681577897
Random failure,2279,Bank_08,0.031372847122408294
Random failure,2280,Bank_14,0.044543718812041
Random failure,2281,Bank_16,0.033807221312953356
Random failure,2282,Bank_08,0.031372847122408294
Random failure,2283,Bank_07,0.03246194484470445
Random failure,2284,Bank_16,0.033807221312953356
Random failure,2285,Bank_14,0.044543718812041
Random failure,2286,Bank_17,0.03785880409508039
Random failure,2287,Bank_19,0.034159813496486904
Random failure,2288,Bank_17,0.03785880409508039
Random failure,2289,Bank_19,0.034159813496486904
Random failure,2290,Bank_09,0.02054558688146143
Random failure,2291,Bank_08,0.031372847122408294
Random failure,2292,Bank_07,0.03246194484470445
Random failure,2293,Bank_05,0.25524124537161796
Random failure,2294,Bank_15,0.04479492221037007
Random failure,2295,Bank_15,0.04479492221037007
Random failure,2296,Bank_17,0.03785880409508039
Random failure,2297,Bank_04,0.25567572444338144
Random failure,2298,Bank_10,0.03080520063691546
Random failure,2299,Bank_05,0.25524124537161796
Random failure,2300,Bank_18,0.02025102804080488
Random failure,2301,Bank_06,0.03452446330244111
Random failure,2302,Bank_03,0.27165350518050047
Random failure,2303,Bank_12,0.049847926664306985
Random failure,2304,Bank_18,0.02025102804080488
Random failure,2305,Bank_19,0.034159813496486904
Random failure,2306,Bank_02,0.28049715681577897
Random failure,2307,Bank_07,0.03246194484470445
Random failure,2308,Bank_04,0.25567572444338144
Random failure,2309,Bank_07,0.03246194484470445
Random failure,2310,Bank_11,0.0399801622024546
Random failure,2311,Bank_06,0.03452446330244111
Random failure,2312,Bank_02,0.28049715681577897
Random failure,2313,Bank_11,0.0399801622024546
Random failure,2314,Bank_02,0.28049715681577897
Random failure,2315,Bank_05,0.25524124537161796
Random failure,2316,Bank_01,0.2297705054473075
Random failure,2317,Bank_02,0.28049715681577897
Random failure,2318,Bank_09,0.02054558688146143
Random failure,2319,Bank_18,0.02025102804080488
Random failure,2320,Bank_16,0.033807221312953356
Random failure,2321,Bank_02,0.28049715681577897
Random failure,2322,Bank_01,0.2297705054473075
Random failure,2323,Bank_07,0.03246194484470445
Random failure,2324,Bank_14,0.044543718812041
Random failure,2325,Bank_15,0.04479492221037007
Random failure,2326,Bank_17,0.03785880409508039
Random failure,2327,Bank_07,0.03246194484470445
Random failure,2328,Bank_04,0.25567572444338144
Random failure,2329,Bank_01,0.2297705054473075
Random failure,2330,Bank_03,0.27165350518050047
Random failure,2331,Bank_02,0.28049715681577897
Random failure,2332,Bank_18,0.02025102804080488
Random failure,2333,Bank_06,0.03452446330244111
Random failure,2334,Bank_17,0.03785880409508039
Random failure,2335,Bank_12,0.049847926664306985
Random failure,2336,Bank_11,0.0399801622024546
Random failure,2337,Bank_10,0.03080520063691546
Random failure,2338,Bank_17,0.03785880409508039
Random failure,2339,Bank_01,0.2297705054473075
Random failure,2340,Bank_02,0.28049715681577897
Random failure,2341,Bank_09,0.02054558688146143
Random failure,2342,Bank_08,0.031372847122408294
Random failure,2343,Bank_11,0.0399801622024546
Random failure,2344,Bank_15,0.04479492221037007
Random failure,2345,Bank_12,0.049847926664306985
Random failure,2346,Bank_06,0.03452446330244111
Random failure,2347,Bank_07,0.03246194484470445
Random failure,2348,Bank_16,0.033807221312953356
Random failure,2349,Bank_05,0.25524124537161796
Random failure,2350,Bank_11,0.0399801622024546
Random failure,2351,Bank_11,0.0399801622024546
Random failure,2352,Bank_16,0.033807221312953356
Random failure,2353,Bank_15,0.04479492221037007
Random failure,2354,Bank_10,0.03080520063691546
Random failure,2355,Bank_07,0.03246194484470445
Random failure,2356,Bank_08,0.031372847122408294
Random failure,2357,Bank_09,0.02054558688146143
Random failure,2358,Bank_05,0.25524124537161796
Random failure,2359,Bank_13,0.0321075807694755
Random failure,2360,Bank_05,0.25524124537161796
Random failure,2361,Bank_13,0.0321075807694755
Random failure,2362,Bank_16,0.033807221312953356
Random failure,2363,Bank_20,0.03774535768745524
Random failure,2364,Bank_03,0.27165350518050047
Random failure,2365,Bank_16,0.033807221312953356
Random failure,2366,Bank_02,0.28049715681577897
Random failure,2367,Bank_07,0.03246194484470445
Random failure,2368,Bank_04,0.25567572444338144
Random failure,2369,Bank_04,0.25567572444338144
Random failure,2370,Bank_04,0.25567572444338144
Random failure,2371,Bank_01,0.2297705054473075
Random failure,2372,Bank_17,0.03785880409508039
Random failure,2373,Bank_02,0.28049715681577897
Random failure,2374,Bank_08,0.031372847122408294
Random failure,2375,Bank_14,0.044543718812041
Random failure,2376,Bank_20,0.03774535768745524
Random failure,2377,Bank_18,0.02025102804080488
Random failure,2378,Bank_03,0.27165350518050047
Random failure,2379,Bank_20,0.03774535768745524
Random failure,2380,Bank_14,0.044543718812041
Random failure,2381,Bank_04,0.25567572444338144
Random failure,2382,Bank_09,0.02054558688146143
Random failure,2383,Bank_19,0.034159813496486904
Random failure,2384,Bank_08,0.031372847122408294
Random failure,2385,Bank_04,0.25567572444338144
Random failure,2386,Bank_18,0.02025102804080488
Random failure,2387,Bank_20,0.03774535768745524
Random failure,2388,Bank_20,0.03774535768745524
Random failure,2389,Bank_20,0.03774535768745524
Random failure,2390,Bank_18,0.02025102804080488
Random failure,2391,Bank_10,0.03080520063691546
Random failure,2392,Bank_04,0.25567572444338144
Random failure,2393,Bank_13,0.0321075807694755
Random failure,2394,Bank_05,0.25524124537161796
Random failure,2395,Bank_10,0.03080520063691546
Random failure,2396,Bank_14,0.044543718812041
Random failure,2397,Bank_19,0.034159813496486904
Random failure,2398,Bank_06,0.03452446330244111
Random failure,2399,Bank_06,0.03452446330244111
Random failure,2400,Bank_15,0.04479492221037007
Random failure,2401,Bank_01,0.2297705054473075
Random failure,2402,Bank_12,0.049847926664306985
Random failure,2403,Bank_15,0.04479492221037007
Random failure,2404,Bank_12,0.049847926664306985
Random failure,2405,Bank_08,0.031372847122408294
Random failure,2406,Bank_17,0.03785880409508039
Random failure,2407,Bank_08,0.031372847122408294
Random failure,2408,Bank_15,0.04479492221037007
Random failure,2409,Bank_10,0.03080520063691546
Random failure,2410,Bank_01,0.2297705054473075
Random failure,2411,Bank_11,0.0399801622024546
Random failure,2412,Bank_01,0.2297705054473075
Random failure,2413,Bank_19,0.034159813496486904
Random failure,2414,Bank_13,0.0321075807694755
Random failure,2415,Bank_08,0.031372847122408294
Random failure,2416,Bank_10,0.03080520063691546
Random failure,2417,Bank_13,0.0321075807694755
Random failure,2418,Bank_06,0.03452446330244111
Random failure,2419,Bank_06,0.03452446330244111
Random failure,2420,Bank_09,0.02054558688146143
Random failure,2421,Bank_06,0.03452446330244111
Random failure,2422,Bank_16,0.033807221312953356
Random failure,2423,Bank_03,0.27165350518050047
Random failure,2424,Bank_17,0.03785880409508039
Random failure,2425,Bank_07,0.03246194484470445
Random failure,2426,Bank_12,0.049847926664306985
Random failure,2427,Bank_04,0.25567572444338144
Random failure,2428,Bank_08,0.031372847122408294
Random failure,2429,Bank_16,0.033807221312953356
Random failure,2430,Bank_06,0.03452446330244111
Random failure,2431,Bank_03,0.27165350518050047
Random failure,2432,Bank_11,0.0399801622024546
Random failure,2433,Bank_04,0.25567572444338144
Random failure,2434,Bank_07,0.03246194484470445
Random failure,2435,Bank_10,0.03080520063691546
Random failure,2436,Bank_12,0.049847926664306985
Random failure,2437,Bank_13,0.0321075807694755
Random failure,2438,Bank_14,0.044543718812041
Random failure,2439,Bank_17,0.03785880409508039
Random failure,2440,Bank_02,0.28049715681577897
Random failure,2441,Bank_08,0.031372847122408294
Random failure,2442,Bank_01,0.2297705054473075
Random failure,2443,Bank_01,0.2297705054473075
Random failure,2444,Bank_05,0.25524124537161796
Random failure,2445,Bank_12,0.049847926664306985
Random failure,2446,Bank_18,0.02025102804080488
Random failure,2447,Bank_16,0.033807221312953356
Random failure,2448,Bank_13,0.0321075807694755
Random failure,2449,Bank_16,0.033807221312953356
Random failure,2450,Bank_04,0.25567572444338144
Random failure,2451,Bank_17,0.03785880409508039
Random failure,2452,Bank_18,0.02025102804080488
Random failure,2453,Bank_02,0.28049715681577897
Random failure,2454,Bank_10,0.03080520063691546
Random failure,2455,Bank_17,0.03785880409508039
Random failure,2456,Bank_10,0.03080520063691546
Random failure,2457,Bank_17,0.03785880409508039
Random failure,2458,Bank_19,0.034159813496486904
Random failure,2459,Bank_10,0.03080520063691546
Random failure,2460,Bank_02,0.28049715681577897
Random failure,2461,Bank_07,0.03246194484470445
Random failure,2462,Bank_05,0.25524124537161796
Random failure,2463,Bank_10,0.03080520063691546
Random failure,2464,Bank_12,0.049847926664306985
Random failure,2465,Bank_10,0.03080520063691546
Random failure,2466,Bank_04,0.25567572444338144
Random failure,2467,Bank_07,0.03246194484470445
Random failure,2468,Bank_14,0.044543718812041
Random failure,2469,Bank_01,0.2297705054473075
Random failure,2470,Bank_05,0.25524124537161796
Random failure,2471,Bank_18,0.02025102804080488
Random failure,2472,Bank_02,0.28049715681577897
Random failure,2473,Bank_09,0.02054558688146143
Random failure,2474,Bank_05,0.25524124537161796
Random failure,2475,Bank_03,0.27165350518050047
Random failure,2476,Bank_09,0.02054558688146143
Random failure,2477,Bank_11,0.0399801622024546
Random failure,2478,Bank_04,0.25567572444338144
Random failure,2479,Bank_02,0.28049715681577897
Random failure,2480,Bank_03,0.27165350518050047
Random failure,2481,Bank_14,0.044543718812041
Random failure,2482,Bank_18,0.02025102804080488
Random failure,2483,Bank_04,0.25567572444338144
Random failure,2484,Bank_07,0.03246194484470445
Random failure,2485,Bank_07,0.03246194484470445
Random failure,2486,Bank_08,0.031372847122408294
Random failure,2487,Bank_05,0.25524124537161796
Random failure,2488,Bank_02,0.28049715681577897
Random failure,2489,Bank_11,0.0399801622024546
Random failure,2490,Bank_08,0.031372847122408294
Random failure,2491,Bank_07,0.03246194484470445
Random failure,2492,Bank_06,0.03452446330244111
Random failure,2493,Bank_19,0.034159813496486904
Random failure,2494,Bank_13,0.0321075807694755
Random failure,2495,Bank_09,0.02054558688146143
Random failure,2496,Bank_05,0.25524124537161796
Random failure,2497,Bank_17,0.03785880409508039
Random failure,2498,Bank_18,0.02025102804080488
Random failure,2499,Bank_01,0.2297705054473075
Random failure,2500,Bank_19,0.034159813496486904
Random failure,2501,Bank_14,0.044543718812041
Random failure,2502,Bank_02,0.28049715681577897
Random failure,2503,Bank_16,0.033807221312953356
Random failure,2504,Bank_03,0.27165350518050047
Random failure,2505,Bank_02,0.28049715681577897
Random failure,2506,Bank_03,0.27165350518050047
Random failure,2507,Bank_10,0.03080520063691546
Random failure,2508,Bank_13,0.0321075807694755
Random failure,2509,Bank_09,0.02054558688146143
Random failure,2510,Bank_03,0.27165350518050047
Random failure,2511,Bank_04,0.25567572444338144
Random failure,2512,Bank_18,0.02025102804080488
Random failure,2513,Bank_20,0.03774535768745524
Random failure,2514,Bank_16,0.033807221312953356
Random failure,2515,Bank_03,0.27165350518050047
Random failure,2516,Bank_17,0.03785880409508039
Random failure,2517,Bank_14,0.044543718812041
Random failure,2518,Bank_11,0.0399801622024546
Random failure,2519,Bank_03,0.27165350518050047
Random failure,2520,Bank_20,0.03774535768745524
Random failure,2521,Bank_09,0.02054558688146143
Random failure,2522,Bank_01,0.2297705054473075
Random failure,2523,Bank_05,0.25524124537161796
Random failure,2524,Bank_09,0.02054558688146143
Random failure,2525,Bank_02,0.28049715681577897
Random failure,2526,Bank_07,0.03246194484470445
Random failure,2527,Bank_10,0.03080520063691546
Random failure,2528,Bank_19,0.034159813496486904
Random failure,2529,Bank_02,0.28049715681577897
Random failure,2530,Bank_12,0.049847926664306985
Random failure,2531,Bank_19,0.034159813496486904
Random failure,2532,Bank_17,0.03785880409508039
Random failure,2533,Bank_19,0.034159813496486904
Random failure,2534,Bank_04,0.25567572444338144
Random failure,2535,Bank_17,0.03785880409508039
Random failure,2536,Bank_20,0.03774535768745524
Random failure,2537,Bank_07,0.03246194484470445
Random failure,2538,Bank_10,0.03080520063691546
Random failure,2539,Bank_11,0.0399801622024546
Random failure,2540,Bank_10,0.03080520063691546
Random failure,2541,Bank_06,0.03452446330244111
Random failure,2542,Bank_20,0.03774535768745524
Random failure,2543,Bank_20,0.03774535768745524
Random failure,2544,Bank_08,0.031372847122408294
Random failure,2545,Bank_17,0.03785880409508039
Random failure,2546,Bank_08,0.031372847122408294
Random failure,2547,Bank_16,0.033807221312953356
Random failure,2548,Bank_12,0.049847926664306985
Random failure,2549,Bank_10,0.03080520063691546
Random failure,2550,Bank_03,0.27165350518050047
Random failure,2551,Bank_14,0.044543718812041
Random failure,2552,Bank_07,0.03246194484470445
Random failure,2553,Bank_05,0.25524124537161796
Random failure,2554,Bank_04,0.25567572444338144
Random failure,2555,Bank_20,0.03774535768745524
Random failure,2556,Bank_03,0.27165350518050047
Random failure,2557,Bank_16,0.033807221312953356
Random failure,2558,Bank_18,0.02025102804080488
Random failure,2559,Bank_01,0.2297705054473075
Random failure,2560,Bank_12,0.049847926664306985
Random failure,2561,Bank_12,0.049847926664306985
Random failure,2562,Bank_08,0.031372847122408294
Random failure,2563,Bank_14,0.044543718812041
Random failure,2564,Bank_09,0.02054558688146143
Random failure,2565,Bank_09,0.02054558688146143
Random failure,2566,Bank_09,0.02054558688146143
Random failure,2567,Bank_17,0.03785880409508039
Random failure,2568,Bank_13,0.0321075807694755
Random failure,2569,Bank_08,0.031372847122408294
Random failure,2570,Bank_19,0.034159813496486904
Random failure,2571,Bank_17,0.03785880409508039
Random failure,2572,Bank_19,0.034159813496486904
Random failure,2573,Bank_15,0.04479492221037007
Random failure,2574,Bank_08,0.031372847122408294
Random failure,2575,Bank_16,0.033807221312953356
Random failure,2576,Bank_07,0.03246194484470445
Random failure,2577,Bank_06,0.03452446330244111
Random failure,2578,Bank_10,0.03080520063691546
Random failure,2579,Bank_20,0.03774535768745524
Random failure,2580,Bank_12,0.049847926664306985
Random failure,2581,Bank_08,0.031372847122408294
Random failure,2582,Bank_10,0.03080520063691546
Random failure,2583,Bank_06,0.03452446330244111
Random failure,2584,Bank_14,0.044543718812041
Random failure,2585,Bank_08,0.031372847122408294
Random failure,2586,Bank_12,0.049847926664306985
Random failure,2587,Bank_08,0.031372847122408294
Random failure,2588,Bank_07,0.03246194484470445
Random failure,2589,Bank_20,0.03774535768745524
Random failure,2590,Bank_07,0.03246194484470445
Random failure,2591,Bank_02,0.28049715681577897
Random failure,2592,Bank_08,0.031372847122408294
Random failure,2593,Bank_11,0.0399801622024546
Random failure,2594,Bank_02,0.28049715681577897
Random failure,2595,Bank_07,0.03246194484470445
Random failure,2596,Bank_04,0.25567572444338144
Random failure,2597,Bank_11,0.0399801622024546
Random failure,2598,Bank_15,0.04479492221037007
Random failure,2599,Bank_20,0.03774535768745524
Random failure,2600,Bank_08,0.031372847122408294
Random failure,2601,Bank_18,0.02025102804080488
Random failure,2602,Bank_05,0.25524124537161796
Random failure,2603,Bank_16,0.033807221312953356
Random failure,2604,Bank_12,0.049847926664306985
Random failure,2605,Bank_16,0.033807221312953356
Random failure,2606,Bank_16,0.033807221312953356
Random failure,2607,Bank_11,0.0399801622024546
Random failure,2608,Bank_06,0.03452446330244111
Random failure,2609,Bank_11,0.0399801622024546
Random failure,2610,Bank_17,0.03785880409508039
Random failure,2611,Bank_20,0.03774535768745524
Random failure,2612,Bank_19,0.034159813496486904
Random failure,2613,Bank_04,0.25567572444338144
Random failure,2614,Bank_12,0.049847926664306985
Random failure,2615,Bank_03,0.27165350518050047
Random failure,2616,Bank_14,0.044543718812041
Random failure,2617,Bank_20,0.03774535768745524
Random failure,2618,Bank_02,0.28049715681577897
Random failure,2619,Bank_14,0.044543718812041
Random failure,2620,Bank_19,0.034159813496486904
Random failure,2621,Bank_17,0.03785880409508039
Random failure,2622,Bank_08,0.031372847122408294
Random failure,2623,Bank_03,0.27165350518050047
Random failure,2624,Bank_19,0.034159813496486904
Random failure,2625,Bank_19,0.034159813496486904
Random failure,2626,Bank_12,0.049847926664306985
Random failure,2627,Bank_20,0.03774535768745524
Random failure,2628,Bank_01,0.2297705054473075
Random failure,2629,Bank_13,0.0321075807694755
Random failure,2630,Bank_01,0.2297705054473075
Random failure,2631,Bank_19,0.034159813496486904
Random failure,2632,Bank_14,0.044543718812041
Random failure,2633,Bank_19,0.034159813496486904
Random failure,2634,Bank_12,0.049847926664306985
Random failure,2635,Bank_02,0.28049715681577897
Random failure,2636,Bank_01,0.2297705054473075
Random failure,2637,Bank_07,0.03246194484470445
Random failure,2638,Bank_15,0.04479492221037007
Random failure,2639,Bank_04,0.25567572444338144
Random failure,2640,Bank_18,0.02025102804080488
Random failure,2641,Bank_05,0.25524124537161796
Random failure,2642,Bank_10,0.03080520063691546
Random failure,2643,Bank_05,0.25524124537161796
Random failure,2644,Bank_10,0.03080520063691546
Random failure,2645,Bank_10,0.03080520063691546
Random failure,2646,Bank_01,0.2297705054473075
Random failure,2647,Bank_12,0.049847926664306985
Random failure,2648,Bank_16,0.033807221312953356
Random failure,2649,Bank_19,0.034159813496486904
Random failure,2650,Bank_07,0.03246194484470445
Random failure,2651,Bank_18,0.02025102804080488
Random failure,2652,Bank_18,0.02025102804080488
Random failure,2653,Bank_20,0.03774535768745524
Random failure,2654,Bank_08,0.031372847122408294
Random failure,2655,Bank_18,0.02025102804080488
Random failure,2656,Bank_12,0.049847926664306985
Random failure,2657,Bank_02,0.28049715681577897
Random failure,2658,Bank_06,0.03452446330244111
Random failure,2659,Bank_14,0.044543718812041
Random failure,2660,Bank_04,0.25567572444338144
Random failure,2661,Bank_09,0.02054558688146143
Random failure,2662,Bank_16,0.033807221312953356
Random failure,2663,Bank_03,0.27165350518050047
Random failure,2664,Bank_10,0.03080520063691546
Random failure,2665,Bank_05,0.25524124537161796
Random failure,2666,Bank_11,0.0399801622024546
Random failure,2667,Bank_05,0.25524124537161796
Random failure,2668,Bank_20,0.03774535768745524
Random failure,2669,Bank_02,0.28049715681577897
Random failure,2670,Bank_20,0.03774535768745524
Random failure,2671,Bank_16,0.033807221312953356
Random failure,2672,Bank_18,0.02025102804080488
Random failure,2673,Bank_18,0.02025102804080488
Random failure,2674,Bank_04,0.25567572444338144
Random failure,2675,Bank_19,0.034159813496486904
Random failure,2676,Bank_12,0.049847926664306985
Random failure,2677,Bank_20,0.03774535768745524
Random failure,2678,Bank_18,0.02025102804080488
Random failure,2679,Bank_12,0.049847926664306985
Random failure,2680,Bank_08,0.031372847122408294
Random failure,2681,Bank_03,0.27165350518050047
Random failure,2682,Bank_03,0.27165350518050047
Random failure,2683,Bank_08,0.031372847122408294
Random failure,2684,Bank_17,0.03785880409508039
Random failure,2685,Bank_11,0.0399801622024546
Random failure,2686,Bank_10,0.03080520063691546
Random failure,2687,Bank_05,0.25524124537161796
Random failure,2688,Bank_12,0.049847926664306985
Random failure,2689,Bank_13,0.0321075807694755
Random failure,2690,Bank_20,0.03774535768745524
Random failure,2691,Bank_15,0.04479492221037007
Random failure,2692,Bank_13,0.0321075807694755
Random failure,2693,Bank_19,0.034159813496486904
Random failure,2694,Bank_09,0.02054558688146143
Random failure,2695,Bank_19,0.034159813496486904
Random failure,2696,Bank_08,0.031372847122408294
Random failure,2697,Bank_03,0.27165350518050047
Random failure,2698,Bank_09,0.02054558688146143
Random failure,2699,Bank_03,0.27165350518050047
Random failure,2700,Bank_03,0.27165350518050047
Random failure,2701,Bank_18,0.02025102804080488
Random failure,2702,Bank_16,0.033807221312953356
Random failure,2703,Bank_05,0.25524124537161796
Random failure,2704,Bank_17,0.03785880409508039
Random failure,2705,Bank_02,0.28049715681577897
Random failure,2706,Bank_06,0.03452446330244111
Random failure,2707,Bank_15,0.04479492221037007
Random failure,2708,Bank_07,0.03246194484470445
Random failure,2709,Bank_15,0.04479492221037007
Random failure,2710,Bank_18,0.02025102804080488
Random failure,2711,Bank_02,0.28049715681577897
Random failure,2712,Bank_01,0.2297705054473075
Random failure,2713,Bank_19,0.034159813496486904
Random failure,2714,Bank_11,0.0399801622024546
Random failure,2715,Bank_11,0.0399801622024546
Random failure,2716,Bank_10,0.03080520063691546
Random failure,2717,Bank_09,0.02054558688146143
Random failure,2718,Bank_14,0.044543718812041
Random failure,2719,Bank_12,0.049847926664306985
Random failure,2720,Bank_04,0.25567572444338144
Random failure,2721,Bank_13,0.0321075807694755
Random failure,2722,Bank_14,0.044543718812041
Random failure,2723,Bank_03,0.27165350518050047
Random failure,2724,Bank_08,0.031372847122408294
Random failure,2725,Bank_16,0.033807221312953356
Random failure,2726,Bank_13,0.0321075807694755
Random failure,2727,Bank_03,0.27165350518050047
Random failure,2728,Bank_01,0.2297705054473075
Random failure,2729,Bank_12,0.049847926664306985
Random failure,2730,Bank_10,0.03080520063691546
Random failure,2731,Bank_20,0.03774535768745524
Random failure,2732,Bank_11,0.0399801622024546
Random failure,2733,Bank_19,0.034159813496486904
Random failure,2734,Bank_05,0.25524124537161796
Random failure,2735,Bank_09,0.02054558688146143
Random failure,2736,Bank_03,0.27165350518050047
Random failure,2737,Bank_12,0.049847926664306985
Random failure,2738,Bank_04,0.25567572444338144
Random failure,2739,Bank_10,0.03080520063691546
Random failure,2740,Bank_07,0.03246194484470445
Random failure,2741,Bank_04,0.25567572444338144
Random failure,2742,Bank_02,0.28049715681577897
Random failure,2743,Bank_11,0.0399801622024546
Random failure,2744,Bank_19,0.034159813496486904
Random failure,2745,Bank_04,0.25567572444338144
Random failure,2746,Bank_09,0.02054558688146143
Random failure,2747,Bank_05,0.25524124537161796
Random failure,2748,Bank_17,0.03785880409508039
Random failure,2749,Bank_09,0.02054558688146143
Random failure,2750,Bank_20,0.03774535768745524
Random failure,2751,Bank_05,0.25524124537161796
Random failure,2752,Bank_02,0.28049715681577897
Random failure,2753,Bank_12,0.049847926664306985
Random failure,2754,Bank_14,0.044543718812041
Random failure,2755,Bank_20,0.03774535768745524
Random failure,2756,Bank_18,0.02025102804080488
Random failure,2757,Bank_18,0.02025102804080488
Random failure,2758,Bank_13,0.0321075807694755
Random failure,2759,Bank_08,0.031372847122408294
Random failure,2760,Bank_09,0.02054558688146143
Random failure,2761,Bank_03,0.27165350518050047
Random failure,2762,Bank_09,0.02054558688146143
Random failure,2763,Bank_08,0.031372847122408294
Random failure,2764,Bank_01,0.2297705054473075
Random failure,2765,Bank_05,0.25524124537161796
Random failure,2766,Bank_11,0.0399801622024546
Random failure,2767,Bank_08,0.031372847122408294
Random failure,2768,Bank_20,0.03774535768745524
Random failure,2769,Bank_10,0.03080520063691546
Random failure,2770,Bank_20,0.03774535768745524
Random failure,2771,Bank_14,0.044543718812041
Random failure,2772,Bank_01,0.2297705054473075
Random failure,2773,Bank_05,0.25524124537161796
Random failure,2774,Bank_15,0.04479492221037007
Random failure,2775,Bank_11,0.0399801622024546
Random failure,2776,Bank_07,0.03246194484470445
Random failure,2777,Bank_11,0.0399801622024546
Random failure,2778,Bank_19,0.034159813496486904
Random failure,2779,Bank_08,0.031372847122408294
Random failure,2780,Bank_01,0.2297705054473075
Random failure,2781,Bank_07,0.03246194484470445
Random failure,2782,Bank_19,0.034159813496486904
Random failure,2783,Bank_16,0.033807221312953356
Random failure,2784,Bank_17,0.03785880409508039
Random failure,2785,Bank_19,0.034159813496486904
Random failure,2786,Bank_03,0.27165350518050047
Random failure,2787,Bank_06,0.03452446330244111
Random failure,2788,Bank_02,0.28049715681577897
Random failure,2789,Bank_01,0.2297705054473075
Random failure,2790,Bank_17,0.03785880409508039
Random failure,2791,Bank_19,0.034159813496486904
Random failure,2792,Bank_04,0.25567572444338144
Random failure,2793,Bank_15,0.04479492221037007
Random failure,2794,Bank_11,0.0399801622024546
Random failure,2795,Bank_02,0.28049715681577897
Random failure,2796,Bank_19,0.034159813496486904
Random failure,2797,Bank_18,0.02025102804080488
Random failure,2798,Bank_12,0.049847926664306985
Random failure,2799,Bank_15,0.04479492221037007
Random failure,2800,Bank_08,0.031372847122408294
Random failure,2801,Bank_16,0.033807221312953356
Random failure,2802,Bank_09,0.02054558688146143
Random failure,2803,Bank_20,0.03774535768745524
Random failure,2804,Bank_02,0.28049715681577897
Random failure,2805,Bank_04,0.25567572444338144
Random failure,2806,Bank_20,0.03774535768745524
Random failure,2807,Bank_06,0.03452446330244111
Random failure,2808,Bank_07,0.03246194484470445
Random failure,2809,Bank_16,0.033807221312953356
Random failure,2810,Bank_04,0.25567572444338144
Random failure,2811,Bank_11,0.0399801622024546
Random failure,2812,Bank_06,0.03452446330244111
Random failure,2813,Bank_04,0.25567572444338144
Random failure,2814,Bank_20,0.03774535768745524
Random failure,2815,Bank_04,0.25567572444338144
Random failure,2816,Bank_02,0.28049715681577897
Random failure,2817,Bank_14,0.044543718812041
Random failure,2818,Bank_18,0.02025102804080488
Random failure,2819,Bank_03,0.27165350518050047
Random failure,2820,Bank_15,0.04479492221037007
Random failure,2821,Bank_11,0.0399801622024546
Random failure,2822,Bank_17,0.03785880409508039
Random failure,2823,Bank_03,0.27165350518050047
Random failure,2824,Bank_20,0.03774535768745524
Random failure,2825,Bank_13,0.0321075807694755
Random failure,2826,Bank_17,0.03785880409508039
Random failure,2827,Bank_08,0.031372847122408294
Random failure,2828,Bank_19,0.034159813496486904
Random failure,2829,Bank_13,0.0321075807694755
Random failure,2830,Bank_03,0.27165350518050047
Random failure,2831,Bank_19,0.034159813496486904
Random failure,2832,Bank_16,0.033807221312953356
Random failure,2833,Bank_07,0.03246194484470445
Random failure,2834,Bank_11,0.0399801622024546
Random failure,2835,Bank_08,0.031372847122408294
Random failure,2836,Bank_11,0.0399801622024546
Random failure,2837,Bank_20,0.03774535768745524
Random failure,2838,Bank_18,0.02025102804080488
Random failure,2839,Bank_05,0.25524124537161796
Random failure,2840,Bank_20,0.03774535768745524
Random failure,2841,Bank_09,0.02054558688146143
Random failure,2842,Bank_15,0.04479492221037007
Random failure,2843,Bank_16,0.033807221312953356
Random failure,2844,Bank_10,0.03080520063691546
Random failure,2845,Bank_10,0.03080520063691546
Random failure,2846,Bank_10,0.03080520063691546
Random failure,2847,Bank_18,0.02025102804080488
Random failure,2848,Bank_08,0.031372847122408294
Random failure,2849,Bank_06,0.03452446330244111
Random failure,2850,Bank_08,0.031372847122408294
Random failure,2851,Bank_04,0.25567572444338144
Random failure,2852,Bank_08,0.031372847122408294
Random failure,2853,Bank_03,0.27165350518050047
Random failure,2854,Bank_02,0.28049715681577897
Random failure,2855,Bank_15,0.04479492221037007
Random failure,2856,Bank_02,0.28049715681577897
Random failure,2857,Bank_12,0.049847926664306985
Random failure,2858,Bank_16,0.033807221312953356
Random failure,2859,Bank_15,0.04479492221037007
Random failure,2860,Bank_09,0.02054558688146143
Random failure,2861,Bank_04,0.25567572444338144
Random failure,2862,Bank_19,0.034159813496486904
Random failure,2863,Bank_17,0.03785880409508039
Random failure,2864,Bank_13,0.0321075807694755
Random failure,2865,Bank_02,0.28049715681577897
Random failure,2866,Bank_01,0.2297705054473075
Random failure,2867,Bank_07,0.03246194484470445
Random failure,2868,Bank_04,0.25567572444338144
Random failure,2869,Bank_18,0.02025102804080488
Random failure,2870,Bank_05,0.25524124537161796
Random failure,2871,Bank_06,0.03452446330244111
Random failure,2872,Bank_20,0.03774535768745524
Random failure,2873,Bank_17,0.03785880409508039
Random failure,2874,Bank_05,0.25524124537161796
Random failure,2875,Bank_08,0.031372847122408294
Random failure,2876,Bank_11,0.0399801622024546
Random failure,2877,Bank_14,0.044543718812041
Random failure,2878,Bank_19,0.034159813496486904
Random failure,2879,Bank_18,0.02025102804080488
Random failure,2880,Bank_20,0.03774535768745524
Random failure,2881,Bank_01,0.2297705054473075
Random failure,2882,Bank_05,0.25524124537161796
Random failure,2883,Bank_12,0.049847926664306985
Random failure,2884,Bank_01,0.2297705054473075
Random failure,2885,Bank_08,0.031372847122408294
Random failure,2886,Bank_04,0.25567572444338144
Random failure,2887,Bank_19,0.034159813496486904
Random failure,2888,Bank_02,0.28049715681577897
Random failure,2889,Bank_03,0.27165350518050047
Random failure,2890,Bank_04,0.25567572444338144
Random failure,2891,Bank_03,0.27165350518050047
Random failure,2892,Bank_12,0.049847926664306985
Random failure,2893,Bank_08,0.031372847122408294
Random failure,2894,Bank_19,0.034159813496486904
Random failure,2895,Bank_06,0.03452446330244111
Random failure,2896,Bank_11,0.0399801622024546
Random failure,2897,Bank_14,0.044543718812041
Random failure,2898,Bank_13,0.0321075807694755
Random failure,2899,Bank_16,0.033807221312953356
Random failure,2900,Bank_05,0.25524124537161796
Random failure,2901,Bank_11,0.0399801622024546
Random failure,2902,Bank_17,0.03785880409508039
Random failure,2903,Bank_18,0.02025102804080488
Random failure,2904,Bank_13,0.0321075807694755
Random failure,2905,Bank_14,0.044543718812041
Random failure,2906,Bank_18,0.02025102804080488
Random failure,2907,Bank_13,0.0321075807694755
Random failure,2908,Bank_19,0.034159813496486904
Random failure,2909,Bank_03,0.27165350518050047
Random failure,2910,Bank_07,0.03246194484470445
Random failure,2911,Bank_03,0.27165350518050047
Random failure,2912,Bank_02,0.28049715681577897
Random failure,2913,Bank_10,0.03080520063691546
Random failure,2914,Bank_05,0.25524124537161796
Random failure,2915,Bank_09,0.02054558688146143
Random failure,2916,Bank_09,0.02054558688146143
Random failure,2917,Bank_13,0.0321075807694755
Random failure,2918,Bank_19,0.034159813496486904
Random failure,2919,Bank_17,0.03785880409508039
Random failure,2920,Bank_08,0.031372847122408294
Random failure,2921,Bank_07,0.03246194484470445
Random failure,2922,Bank_16,0.033807221312953356
Random failure,2923,Bank_03,0.27165350518050047
Random failure,2924,Bank_11,0.0399801622024546
Random failure,2925,Bank_09,0.02054558688146143
Random failure,2926,Bank_04,0.25567572444338144
Random failure,2927,Bank_13,0.0321075807694755
Random failure,2928,Bank_07,0.03246194484470445
Random failure,2929,Bank_04,0.25567572444338144
Random failure,2930,Bank_14,0.044543718812041
Random failure,2931,Bank_04,0.25567572444338144
Random failure,2932,Bank_14,0.044543718812041
Random failure,2933,Bank_04,0.25567572444338144
Random failure,2934,Bank_09,0.02054558688146143
Random failure,2935,Bank_17,0.03785880409508039
Random failure,2936,Bank_05,0.25524124537161796
Random failure,2937,Bank_16,0.033807221312953356
Random failure,2938,Bank_15,0.04479492221037007
Random failure,2939,Bank_19,0.034159813496486904
Random failure,2940,Bank_04,0.25567572444338144
Random failure,2941,Bank_15,0.04479492221037007
Random failure,2942,Bank_19,0.034159813496486904
Random failure,2943,Bank_16,0.033807221312953356
Random failure,2944,Bank_04,0.25567572444338144
Random failure,2945,Bank_17,0.03785880409508039
Random failure,2946,Bank_03,0.27165350518050047
Random failure,2947,Bank_12,0.049847926664306985
Random failure,2948,Bank_10,0.03080520063691546
Random failure,2949,Bank_11,0.0399801622024546
Random failure,2950,Bank_11,0.0399801622024546
Random failure,2951,Bank_01,0.2297705054473075
Random failure,2952,Bank_11,0.0399801622024546
Random failure,2953,Bank_19,0.034159813496486904
Random failure,2954,Bank_09,0.02054558688146143
Random failure,2955,Bank_06,0.03452446330244111
Random failure,2956,Bank_20,0.03774535768745524
Random failure,2957,Bank_02,0.28049715681577897
Random failure,2958,Bank_10,0.03080520063691546
Random failure,2959,Bank_11,0.0399801622024546
Random failure,2960,Bank_10,0.03080520063691546
Random failure,2961,Bank_19,0.034159813496486904
Random failure,2962,Bank_09,0.02054558688146143
Random failure,2963,Bank_20,0.03774535768745524
Random failure,2964,Bank_02,0.28049715681577897
Random failure,2965,Bank_15,0.04479492221037007
Random failure,2966,Bank_12,0.049847926664306985
Random failure,2967,Bank_05,0.25524124537161796
Random failure,2968,Bank_05,0.25524124537161796
Random failure,2969,Bank_15,0.04479492221037007
Random failure,2970,Bank_13,0.0321075807694755
Random failure,2971,Bank_13,0.0321075807694755
Random failure,2972,Bank_02,0.28049715681577897
Random failure,2973,Bank_12,0.049847926664306985
Random failure,2974,Bank_20,0.03774535768745524
Random failure,2975,Bank_01,0.2297705054473075
Random failure,2976,Bank_10,0.03080520063691546
Random failure,2977,Bank_10,0.03080520063691546
Random failure,2978,Bank_18,0.02025102804080488
Random failure,2979,Bank_06,0.03452446330244111
Random failure,2980,Bank_10,0.03080520063691546
Random failure,2981,Bank_15,0.04479492221037007
Random failure,2982,Bank_02,0.28049715681577897
Random failure,2983,Bank_17,0.03785880409508039
Random failure,2984,Bank_17,0.03785880409508039
Random failure,2985,Bank_15,0.04479492221037007
Random failure,2986,Bank_13,0.0321075807694755
Random failure,2987,Bank_15,0.04479492221037007
Random failure,2988,Bank_16,0.033807221312953356
Random failure,2989,Bank_19,0.034159813496486904
Random failure,2990,Bank_09,0.02054558688146143
Random failure,2991,Bank_10,0.03080520063691546
Random failure,2992,Bank_13,0.0321075807694755
Random failure,2993,Bank_04,0.25567572444338144
Random failure,2994,Bank_18,0.02025102804080488
Random failure,2995,Bank_16,0.033807221312953356
Random failure,2996,Bank_13,0.0321075807694755
Random failure,2997,Bank_07,0.03246194484470445
Random failure,2998,Bank_07,0.03246194484470445
Random failure,2999,Bank_09,0.02054558688146143
Random failure,3000,Bank_14,0.044543718812041
