scenario,simulation,shocked_bank,systemic_loss
Size-weighted failure,1,Bank_05,0.25524124537161796
Size-weighted failure,2,Bank_18,0.02025102804080488
Size-weighted failure,3,Bank_03,0.27165350518050047
Size-weighted failure,4,Bank_03,0.27165350518050047
Size-weighted failure,5,Bank_11,0.0399801622024546
Size-weighted failure,6,Bank_04,0.25567572444338144
Size-weighted failure,7,Bank_05,0.25524124537161796
Size-weighted failure,8,Bank_04,0.25567572444338144
Size-weighted failure,9,Bank_02,0.28049715681577897
Size-weighted failure,10,Bank_06,0.03452446330244111
Size-weighted failure,11,Bank_02,0.28049715681577897
Size-weighted failure,12,Bank_02,0.28049715681577897
Size-weighted failure,13,Bank_05,0.25524124537161796
Size-weighted failure,14,Bank_06,0.03452446330244111
Size-weighted failure,15,Bank_15,0.04479492221037007
Size-weighted failure,16,Bank_02,0.28049715681577897
Size-weighted failure,17,Bank_01,0.2297705054473075
Size-weighted failure,18,Bank_18,0.02025102804080488
Size-weighted failure,19,Bank_02,0.28049715681577897
Size-weighted failure,20,Bank_02,0.28049715681577897
Size-weighted failure,21,Bank_03,0.27165350518050047
Size-weighted failure,22,Bank_04,0.25567572444338144
Size-weighted failure,23,Bank_14,0.044543718812041
Size-weighted failure,24,Bank_06,0.03452446330244111
Size-weighted failure,25,Bank_05,0.25524124537161796
Size-weighted failure,26,Bank_02,0.28049715681577897
Size-weighted failure,27,Bank_03,0.27165350518050047
Size-weighted failure,28,Bank_04,0.25567572444338144
Size-weighted failure,29,Bank_02,0.28049715681577897
Size-weighted failure,30,Bank_02,0.28049715681577897
Size-weighted failure,31,Bank_03,0.27165350518050047
Size-weighted failure,32,Bank_02,0.28049715681577897
Size-weighted failure,33,Bank_04,0.25567572444338144
Size-weighted failure,34,Bank_05,0.25524124537161796
Size-weighted failure,35,Bank_01,0.2297705054473075
Size-weighted failure,36,Bank_04,0.25567572444338144
Size-weighted failure,37,Bank_08,0.031372847122408294
Size-weighted failure,38,Bank_06,0.03452446330244111
Size-weighted failure,39,Bank_11,0.0399801622024546
Size-weighted failure,40,Bank_03,0.27165350518050047
Size-weighted failure,41,Bank_11,0.0399801622024546
Size-weighted failure,42,Bank_02,0.28049715681577897
Size-weighted failure,43,Bank_03,0.27165350518050047
Size-weighted failure,44,Bank_02,0.28049715681577897
Size-weighted failure,45,Bank_04,0.25567572444338144
Size-weighted failure,46,Bank_03,0.27165350518050047
Size-weighted failure,47,Bank_02,0.28049715681577897
Size-weighted failure,48,Bank_06,0.03452446330244111
Size-weighted failure,49,Bank_03,0.27165350518050047
Size-weighted failure,50,Bank_02,0.28049715681577897
Size-weighted failure,51,Bank_02,0.28049715681577897
Size-weighted failure,52,Bank_03,0.27165350518050047
Size-weighted failure,53,Bank_03,0.27165350518050047
Size-weighted failure,54,Bank_03,0.27165350518050047
Size-weighted failure,55,Bank_02,0.28049715681577897
Size-weighted failure,56,Bank_07,0.03246194484470445
Size-weighted failure,57,Bank_16,0.033807221312953356
Size-weighted failure,58,Bank_04,0.25567572444338144
Size-weighted failure,59,Bank_05,0.25524124537161796
Size-weighted failure,60,Bank_13,0.0321075807694755
Size-weighted failure,61,Bank_20,0.03774535768745524
Size-weighted failure,62,Bank_05,0.25524124537161796
Size-weighted failure,63,Bank_14,0.044543718812041
Size-weighted failure,64,Bank_15,0.04479492221037007
Size-weighted failure,65,Bank_09,0.02054558688146143
Size-weighted failure,66,Bank_04,0.25567572444338144
Size-weighted failure,67,Bank_01,0.2297705054473075
Size-weighted failure,68,Bank_01,0.2297705054473075
Size-weighted failure,69,Bank_04,0.25567572444338144
Size-weighted failure,70,Bank_04,0.25567572444338144
Size-weighted failure,71,Bank_03,0.27165350518050047
Size-weighted failure,72,Bank_04,0.25567572444338144
Size-weighted failure,73,Bank_04,0.25567572444338144
Size-weighted failure,74,Bank_12,0.049847926664306985
Size-weighted failure,75,Bank_01,0.2297705054473075
Size-weighted failure,76,Bank_02,0.28049715681577897
Size-weighted failure,77,Bank_09,0.02054558688146143
Size-weighted failure,78,Bank_12,0.049847926664306985
Size-weighted failure,79,Bank_20,0.03774535768745524
Size-weighted failure,80,Bank_14,0.044543718812041
Size-weighted failure,81,Bank_14,0.044543718812041
Size-weighted failure,82,Bank_03,0.27165350518050047
Size-weighted failure,83,Bank_03,0.27165350518050047
Size-weighted failure,84,Bank_02,0.28049715681577897
Size-weighted failure,85,Bank_05,0.25524124537161796
Size-weighted failure,86,Bank_17,0.03785880409508039
Size-weighted failure,87,Bank_03,0.27165350518050047
Size-weighted failure,88,Bank_04,0.25567572444338144
Size-weighted failure,89,Bank_03,0.27165350518050047
Size-weighted failure,90,Bank_02,0.28049715681577897
Size-weighted failure,91,Bank_02,0.28049715681577897
Size-weighted failure,92,Bank_01,0.2297705054473075
Size-weighted failure,93,Bank_17,0.03785880409508039
Size-weighted failure,94,Bank_03,0.27165350518050047
Size-weighted failure,95,Bank_12,0.049847926664306985
Size-weighted failure,96,Bank_05,0.25524124537161796
Size-weighted failure,97,Bank_02,0.28049715681577897
Size-weighted failure,98,Bank_02,0.28049715681577897
Size-weighted failure,99,Bank_11,0.0399801622024546
Size-weighted failure,100,Bank_02,0.28049715681577897
Size-weighted failure,101,Bank_15,0.04479492221037007
Size-weighted failure,102,Bank_02,0.28049715681577897
Size-weighted failure,103,Bank_05,0.25524124537161796
Size-weighted failure,104,Bank_11,0.0399801622024546
Size-weighted failure,105,Bank_02,0.28049715681577897
Size-weighted failure,106,Bank_02,0.28049715681577897
Size-weighted failure,107,Bank_19,0.034159813496486904
Size-weighted failure,108,Bank_02,0.28049715681577897
Size-weighted failure,109,Bank_03,0.27165350518050047
Size-weighted failure,110,Bank_03,0.27165350518050047
Size-weighted failure,111,Bank_02,0.28049715681577897
Size-weighted failure,112,Bank_08,0.031372847122408294
Size-weighted failure,113,Bank_08,0.031372847122408294
Size-weighted failure,114,Bank_03,0.27165350518050047
Size-weighted failure,115,Bank_12,0.049847926664306985
Size-weighted failure,116,Bank_02,0.28049715681577897
Size-weighted failure,117,Bank_01,0.2297705054473075
Size-weighted failure,118,Bank_04,0.25567572444338144
Size-weighted failure,119,Bank_20,0.03774535768745524
Size-weighted failure,120,Bank_01,0.2297705054473075
Size-weighted failure,121,Bank_02,0.28049715681577897
Size-weighted failure,122,Bank_04,0.25567572444338144
Size-weighted failure,123,Bank_11,0.0399801622024546
Size-weighted failure,124,Bank_01,0.2297705054473075
Size-weighted failure,125,Bank_03,0.27165350518050047
Size-weighted failure,126,Bank_06,0.03452446330244111
Size-weighted failure,127,Bank_03,0.27165350518050047
Size-weighted failure,128,Bank_02,0.28049715681577897
Size-weighted failure,129,Bank_02,0.28049715681577897
Size-weighted failure,130,Bank_03,0.27165350518050047
Size-weighted failure,131,Bank_04,0.25567572444338144
Size-weighted failure,132,Bank_13,0.0321075807694755
Size-weighted failure,133,Bank_05,0.25524124537161796
Size-weighted failure,134,Bank_05,0.25524124537161796
Size-weighted failure,135,Bank_19,0.034159813496486904
Size-weighted failure,136,Bank_03,0.27165350518050047
Size-weighted failure,137,Bank_03,0.27165350518050047
Size-weighted failure,138,Bank_16,0.033807221312953356
Size-weighted failure,139,Bank_02,0.28049715681577897
Size-weighted failure,140,Bank_05,0.25524124537161796
Size-weighted failure,141,Bank_06,0.03452446330244111
Size-weighted failure,142,Bank_01,0.2297705054473075
Size-weighted failure,143,Bank_04,0.25567572444338144
Size-weighted failure,144,Bank_02,0.28049715681577897
Size-weighted failure,145,Bank_02,0.28049715681577897
Size-weighted failure,146,Bank_04,0.25567572444338144
Size-weighted failure,147,Bank_03,0.27165350518050047
Size-weighted failure,148,Bank_09,0.02054558688146143
Size-weighted failure,149,Bank_15,0.04479492221037007
Size-weighted failure,150,Bank_10,0.03080520063691546
Size-weighted failure,151,Bank_02,0.28049715681577897
Size-weighted failure,152,Bank_02,0.28049715681577897
Size-weighted failure,153,Bank_02,0.28049715681577897
Size-weighted failure,154,Bank_02,0.28049715681577897
Size-weighted failure,155,Bank_17,0.03785880409508039
Size-weighted failure,156,Bank_03,0.27165350518050047
Size-weighted failure,157,Bank_02,0.28049715681577897
Size-weighted failure,158,Bank_12,0.049847926664306985
Size-weighted failure,159,Bank_03,0.27165350518050047
Size-weighted failure,160,Bank_01,0.2297705054473075
Size-weighted failure,161,Bank_02,0.28049715681577897
Size-weighted failure,162,Bank_05,0.25524124537161796
Size-weighted failure,163,Bank_08,0.031372847122408294
Size-weighted failure,164,Bank_02,0.28049715681577897
Size-weighted failure,165,Bank_16,0.033807221312953356
Size-weighted failure,166,Bank_12,0.049847926664306985
Size-weighted failure,167,Bank_12,0.049847926664306985
Size-weighted failure,168,Bank_02,0.28049715681577897
Size-weighted failure,169,Bank_01,0.2297705054473075
Size-weighted failure,170,Bank_13,0.0321075807694755
Size-weighted failure,171,Bank_03,0.27165350518050047
Size-weighted failure,172,Bank_05,0.25524124537161796
Size-weighted failure,173,Bank_06,0.03452446330244111
Size-weighted failure,174,Bank_02,0.28049715681577897
Size-weighted failure,175,Bank_08,0.031372847122408294
Size-weighted failure,176,Bank_17,0.03785880409508039
Size-weighted failure,177,Bank_05,0.25524124537161796
Size-weighted failure,178,Bank_03,0.27165350518050047
Size-weighted failure,179,Bank_14,0.044543718812041
Size-weighted failure,180,Bank_04,0.25567572444338144
Size-weighted failure,181,Bank_06,0.03452446330244111
Size-weighted failure,182,Bank_11,0.0399801622024546
Size-weighted failure,183,Bank_06,0.03452446330244111
Size-weighted failure,184,Bank_03,0.27165350518050047
Size-weighted failure,185,Bank_02,0.28049715681577897
Size-weighted failure,186,Bank_02,0.28049715681577897
Size-weighted failure,187,Bank_04,0.25567572444338144
Size-weighted failure,188,Bank_04,0.25567572444338144
Size-weighted failure,189,Bank_04,0.25567572444338144
Size-weighted failure,190,Bank_03,0.27165350518050047
Size-weighted failure,191,Bank_08,0.031372847122408294
Size-weighted failure,192,Bank_15,0.04479492221037007
Size-weighted failure,193,Bank_02,0.28049715681577897
Size-weighted failure,194,Bank_05,0.25524124537161796
Size-weighted failure,195,Bank_05,0.25524124537161796
Size-weighted failure,196,Bank_04,0.25567572444338144
Size-weighted failure,197,Bank_02,0.28049715681577897
Size-weighted failure,198,Bank_09,0.02054558688146143
Size-weighted failure,199,Bank_18,0.02025102804080488
Size-weighted failure,200,Bank_05,0.25524124537161796
Size-weighted failure,201,Bank_16,0.033807221312953356
Size-weighted failure,202,Bank_19,0.034159813496486904
Size-weighted failure,203,Bank_03,0.27165350518050047
Size-weighted failure,204,Bank_05,0.25524124537161796
Size-weighted failure,205,Bank_04,0.25567572444338144
Size-weighted failure,206,Bank_20,0.03774535768745524
Size-weighted failure,207,Bank_01,0.2297705054473075
Size-weighted failure,208,Bank_03,0.27165350518050047
Size-weighted failure,209,Bank_14,0.044543718812041
Size-weighted failure,210,Bank_02,0.28049715681577897
Size-weighted failure,211,Bank_08,0.031372847122408294
Size-weighted failure,212,Bank_03,0.27165350518050047
Size-weighted failure,213,Bank_19,0.034159813496486904
Size-weighted failure,214,Bank_14,0.044543718812041
Size-weighted failure,215,Bank_03,0.27165350518050047
Size-weighted failure,216,Bank_07,0.03246194484470445
Size-weighted failure,217,Bank_03,0.27165350518050047
Size-weighted failure,218,Bank_05,0.25524124537161796
Size-weighted failure,219,Bank_05,0.25524124537161796
Size-weighted failure,220,Bank_12,0.049847926664306985
Size-weighted failure,221,Bank_01,0.2297705054473075
Size-weighted failure,222,Bank_02,0.28049715681577897
Size-weighted failure,223,Bank_05,0.25524124537161796
Size-weighted failure,224,Bank_04,0.25567572444338144
Size-weighted failure,225,Bank_04,0.25567572444338144
Size-weighted failure,226,Bank_01,0.2297705054473075
Size-weighted failure,227,Bank_03,0.27165350518050047
Size-weighted failure,228,Bank_13,0.0321075807694755
Size-weighted failure,229,Bank_01,0.2297705054473075
Size-weighted failure,230,Bank_03,0.27165350518050047
Size-weighted failure,231,Bank_17,0.03785880409508039
Size-weighted failure,232,Bank_01,0.2297705054473075
Size-weighted failure,233,Bank_06,0.03452446330244111
Size-weighted failure,234,Bank_02,0.28049715681577897
Size-weighted failure,235,Bank_13,0.0321075807694755
Size-weighted failure,236,Bank_06,0.03452446330244111
Size-weighted failure,237,Bank_14,0.044543718812041
Size-weighted failure,238,Bank_02,0.28049715681577897
Size-weighted failure,239,Bank_04,0.25567572444338144
Size-weighted failure,240,Bank_08,0.031372847122408294
Size-weighted failure,241,Bank_02,0.28049715681577897
Size-weighted failure,242,Bank_02,0.28049715681577897
Size-weighted failure,243,Bank_01,0.2297705054473075
Size-weighted failure,244,Bank_18,0.02025102804080488
Size-weighted failure,245,Bank_05,0.25524124537161796
Size-weighted failure,246,Bank_05,0.25524124537161796
Size-weighted failure,247,Bank_06,0.03452446330244111
Size-weighted failure,248,Bank_04,0.25567572444338144
Size-weighted failure,249,Bank_04,0.25567572444338144
Size-weighted failure,250,Bank_03,0.27165350518050047
Size-weighted failure,251,Bank_05,0.25524124537161796
Size-weighted failure,252,Bank_02,0.28049715681577897
Size-weighted failure,253,Bank_14,0.044543718812041
Size-weighted failure,254,Bank_11,0.0399801622024546
Size-weighted failure,255,Bank_03,0.27165350518050047
Size-weighted failure,256,Bank_04,0.25567572444338144
Size-weighted failure,257,Bank_02,0.28049715681577897
Size-weighted failure,258,Bank_19,0.034159813496486904
Size-weighted failure,259,Bank_15,0.04479492221037007
Size-weighted failure,260,Bank_16,0.033807221312953356
Size-weighted failure,261,Bank_03,0.27165350518050047
Size-weighted failure,262,Bank_02,0.28049715681577897
Size-weighted failure,263,Bank_02,0.28049715681577897
Size-weighted failure,264,Bank_01,0.2297705054473075
Size-weighted failure,265,Bank_02,0.28049715681577897
Size-weighted failure,266,Bank_01,0.2297705054473075
Size-weighted failure,267,Bank_20,0.03774535768745524
Size-weighted failure,268,Bank_01,0.2297705054473075
Size-weighted failure,269,Bank_02,0.28049715681577897
Size-weighted failure,270,Bank_12,0.049847926664306985
Size-weighted failure,271,Bank_04,0.25567572444338144
Size-weighted failure,272,Bank_08,0.031372847122408294
Size-weighted failure,273,Bank_05,0.25524124537161796
Size-weighted failure,274,Bank_14,0.044543718812041
Size-weighted failure,275,Bank_05,0.25524124537161796
Size-weighted failure,276,Bank_04,0.25567572444338144
Size-weighted failure,277,Bank_05,0.25524124537161796
Size-weighted failure,278,Bank_03,0.27165350518050047
Size-weighted failure,279,Bank_03,0.27165350518050047
Size-weighted failure,280,Bank_04,0.25567572444338144
Size-weighted failure,281,Bank_02,0.28049715681577897
Size-weighted failure,282,Bank_09,0.02054558688146143
Size-weighted failure,283,Bank_02,0.28049715681577897
Size-weighted failure,284,Bank_02,0.28049715681577897
Size-weighted failure,285,Bank_02,0.28049715681577897
Size-weighted failure,286,Bank_12,0.049847926664306985
Size-weighted failure,287,Bank_03,0.27165350518050047
Size-weighted failure,288,Bank_05,0.25524124537161796
Size-weighted failure,289,Bank_13,0.0321075807694755
Size-weighted failure,290,Bank_01,0.2297705054473075
Size-weighted failure,291,Bank_07,0.03246194484470445
Size-weighted failure,292,Bank_03,0.27165350518050047
Size-weighted failure,293,Bank_02,0.28049715681577897
Size-weighted failure,294,Bank_05,0.25524124537161796
Size-weighted failure,295,Bank_15,0.04479492221037007
Size-weighted failure,296,Bank_03,0.27165350518050047
Size-weighted failure,297,Bank_04,0.25567572444338144
Size-weighted failure,298,Bank_03,0.27165350518050047
Size-weighted failure,299,Bank_04,0.25567572444338144
Size-weighted failure,300,Bank_05,0.25524124537161796
Size-weighted failure,301,Bank_05,0.25524124537161796
Size-weighted failure,302,Bank_05,0.25524124537161796
Size-weighted failure,303,Bank_02,0.28049715681577897
Size-weighted failure,304,Bank_05,0.25524124537161796
Size-weighted failure,305,Bank_05,0.25524124537161796
Size-weighted failure,306,Bank_05,0.25524124537161796
Size-weighted failure,307,Bank_01,0.2297705054473075
Size-weighted failure,308,Bank_03,0.27165350518050047
Size-weighted failure,309,Bank_03,0.27165350518050047
Size-weighted failure,310,Bank_01,0.2297705054473075
Size-weighted failure,311,Bank_02,0.28049715681577897
Size-weighted failure,312,Bank_03,0.27165350518050047
Size-weighted failure,313,Bank_06,0.03452446330244111
Size-weighted failure,314,Bank_02,0.28049715681577897
Size-weighted failure,315,Bank_12,0.049847926664306985
Size-weighted failure,316,Bank_04,0.25567572444338144
Size-weighted failure,317,Bank_06,0.03452446330244111
Size-weighted failure,318,Bank_04,0.25567572444338144
Size-weighted failure,319,Bank_04,0.25567572444338144
Size-weighted failure,320,Bank_05,0.25524124537161796
Size-weighted failure,321,Bank_16,0.033807221312953356
Size-weighted failure,322,Bank_04,0.25567572444338144
Size-weighted failure,323,Bank_04,0.25567572444338144
Size-weighted failure,324,Bank_05,0.25524124537161796
Size-weighted failure,325,Bank_05,0.25524124537161796
Size-weighted failure,326,Bank_01,0.2297705054473075
Size-weighted failure,327,Bank_04,0.25567572444338144
Size-weighted failure,328,Bank_04,0.25567572444338144
Size-weighted failure,329,Bank_16,0.033807221312953356
Size-weighted failure,330,Bank_04,0.25567572444338144
Size-weighted failure,331,Bank_04,0.25567572444338144
Size-weighted failure,332,Bank_19,0.034159813496486904
Size-weighted failure,333,Bank_03,0.27165350518050047
Size-weighted failure,334,Bank_02,0.28049715681577897
Size-weighted failure,335,Bank_02,0.28049715681577897
Size-weighted failure,336,Bank_01,0.2297705054473075
Size-weighted failure,337,Bank_01,0.2297705054473075
Size-weighted failure,338,Bank_03,0.27165350518050047
Size-weighted failure,339,Bank_07,0.03246194484470445
Size-weighted failure,340,Bank_05,0.25524124537161796
Size-weighted failure,341,Bank_01,0.2297705054473075
Size-weighted failure,342,Bank_04,0.25567572444338144
Size-weighted failure,343,Bank_02,0.28049715681577897
Size-weighted failure,344,Bank_17,0.03785880409508039
Size-weighted failure,345,Bank_02,0.28049715681577897
Size-weighted failure,346,Bank_05,0.25524124537161796
Size-weighted failure,347,Bank_03,0.27165350518050047
Size-weighted failure,348,Bank_05,0.25524124537161796
Size-weighted failure,349,Bank_03,0.27165350518050047
Size-weighted failure,350,Bank_06,0.03452446330244111
Size-weighted failure,351,Bank_02,0.28049715681577897
Size-weighted failure,352,Bank_15,0.04479492221037007
Size-weighted failure,353,Bank_04,0.25567572444338144
Size-weighted failure,354,Bank_06,0.03452446330244111
Size-weighted failure,355,Bank_12,0.049847926664306985
Size-weighted failure,356,Bank_20,0.03774535768745524
Size-weighted failure,357,Bank_02,0.28049715681577897
Size-weighted failure,358,Bank_02,0.28049715681577897
Size-weighted failure,359,Bank_02,0.28049715681577897
Size-weighted failure,360,Bank_02,0.28049715681577897
Size-weighted failure,361,Bank_04,0.25567572444338144
Size-weighted failure,362,Bank_20,0.03774535768745524
Size-weighted failure,363,Bank_20,0.03774535768745524
Size-weighted failure,364,Bank_04,0.25567572444338144
Size-weighted failure,365,Bank_05,0.25524124537161796
Size-weighted failure,366,Bank_13,0.0321075807694755
Size-weighted failure,367,Bank_16,0.033807221312953356
Size-weighted failure,368,Bank_02,0.28049715681577897
Size-weighted failure,369,Bank_04,0.25567572444338144
Size-weighted failure,370,Bank_12,0.049847926664306985
Size-weighted failure,371,Bank_03,0.27165350518050047
Size-weighted failure,372,Bank_03,0.27165350518050047
Size-weighted failure,373,Bank_20,0.03774535768745524
Size-weighted failure,374,Bank_20,0.03774535768745524
Size-weighted failure,375,Bank_15,0.04479492221037007
Size-weighted failure,376,Bank_09,0.02054558688146143
Size-weighted failure,377,Bank_02,0.28049715681577897
Size-weighted failure,378,Bank_03,0.27165350518050047
Size-weighted failure,379,Bank_04,0.25567572444338144
Size-weighted failure,380,Bank_04,0.25567572444338144
Size-weighted failure,381,Bank_04,0.25567572444338144
Size-weighted failure,382,Bank_05,0.25524124537161796
Size-weighted failure,383,Bank_03,0.27165350518050047
Size-weighted failure,384,Bank_06,0.03452446330244111
Size-weighted failure,385,Bank_03,0.27165350518050047
Size-weighted failure,386,Bank_03,0.27165350518050047
Size-weighted failure,387,Bank_02,0.28049715681577897
Size-weighted failure,388,Bank_02,0.28049715681577897
Size-weighted failure,389,Bank_12,0.049847926664306985
Size-weighted failure,390,Bank_03,0.27165350518050047
Size-weighted failure,391,Bank_02,0.28049715681577897
Size-weighted failure,392,Bank_06,0.03452446330244111
Size-weighted failure,393,Bank_04,0.25567572444338144
Size-weighted failure,394,Bank_01,0.2297705054473075
Size-weighted failure,395,Bank_03,0.27165350518050047
Size-weighted failure,396,Bank_02,0.28049715681577897
Size-weighted failure,397,Bank_05,0.25524124537161796
Size-weighted failure,398,Bank_02,0.28049715681577897
Size-weighted failure,399,Bank_01,0.2297705054473075
Size-weighted failure,400,Bank_01,0.2297705054473075
Size-weighted failure,401,Bank_04,0.25567572444338144
Size-weighted failure,402,Bank_01,0.2297705054473075
Size-weighted failure,403,Bank_12,0.049847926664306985
Size-weighted failure,404,Bank_02,0.28049715681577897
Size-weighted failure,405,Bank_05,0.25524124537161796
Size-weighted failure,406,Bank_03,0.27165350518050047
Size-weighted failure,407,Bank_03,0.27165350518050047
Size-weighted failure,408,Bank_01,0.2297705054473075
Size-weighted failure,409,Bank_10,0.03080520063691546
Size-weighted failure,410,Bank_14,0.044543718812041
Size-weighted failure,411,Bank_01,0.2297705054473075
Size-weighted failure,412,Bank_02,0.28049715681577897
Size-weighted failure,413,Bank_15,0.04479492221037007
Size-weighted failure,414,Bank_04,0.25567572444338144
Size-weighted failure,415,Bank_02,0.28049715681577897
Size-weighted failure,416,Bank_02,0.28049715681577897
Size-weighted failure,417,Bank_05,0.25524124537161796
Size-weighted failure,418,Bank_05,0.25524124537161796
Size-weighted failure,419,Bank_05,0.25524124537161796
Size-weighted failure,420,Bank_18,0.02025102804080488
Size-weighted failure,421,Bank_04,0.25567572444338144
Size-weighted failure,422,Bank_03,0.27165350518050047
Size-weighted failure,423,Bank_04,0.25567572444338144
Size-weighted failure,424,Bank_03,0.27165350518050047
Size-weighted failure,425,Bank_02,0.28049715681577897
Size-weighted failure,426,Bank_01,0.2297705054473075
Size-weighted failure,427,Bank_03,0.27165350518050047
Size-weighted failure,428,Bank_05,0.25524124537161796
Size-weighted failure,429,Bank_01,0.2297705054473075
Size-weighted failure,430,Bank_03,0.27165350518050047
Size-weighted failure,431,Bank_05,0.25524124537161796
Size-weighted failure,432,Bank_05,0.25524124537161796
Size-weighted failure,433,Bank_08,0.031372847122408294
Size-weighted failure,434,Bank_11,0.0399801622024546
Size-weighted failure,435,Bank_05,0.25524124537161796
Size-weighted failure,436,Bank_01,0.2297705054473075
Size-weighted failure,437,Bank_04,0.25567572444338144
Size-weighted failure,438,Bank_05,0.25524124537161796
Size-weighted failure,439,Bank_02,0.28049715681577897
Size-weighted failure,440,Bank_01,0.2297705054473075
Size-weighted failure,441,Bank_02,0.28049715681577897
Size-weighted failure,442,Bank_04,0.25567572444338144
Size-weighted failure,443,Bank_03,0.27165350518050047
Size-weighted failure,444,Bank_02,0.28049715681577897
Size-weighted failure,445,Bank_11,0.0399801622024546
Size-weighted failure,446,Bank_16,0.033807221312953356
Size-weighted failure,447,Bank_02,0.28049715681577897
Size-weighted failure,448,Bank_16,0.033807221312953356
Size-weighted failure,449,Bank_01,0.2297705054473075
Size-weighted failure,450,Bank_16,0.033807221312953356
Size-weighted failure,451,Bank_17,0.03785880409508039
Size-weighted failure,452,Bank_01,0.2297705054473075
Size-weighted failure,453,Bank_07,0.03246194484470445
Size-weighted failure,454,Bank_19,0.034159813496486904
Size-weighted failure,455,Bank_15,0.04479492221037007
Size-weighted failure,456,Bank_19,0.034159813496486904
Size-weighted failure,457,Bank_04,0.25567572444338144
Size-weighted failure,458,Bank_01,0.2297705054473075
Size-weighted failure,459,Bank_12,0.049847926664306985
Size-weighted failure,460,Bank_05,0.25524124537161796
Size-weighted failure,461,Bank_05,0.25524124537161796
Size-weighted failure,462,Bank_03,0.27165350518050047
Size-weighted failure,463,Bank_04,0.25567572444338144
Size-weighted failure,464,Bank_02,0.28049715681577897
Size-weighted failure,465,Bank_06,0.03452446330244111
Size-weighted failure,466,Bank_01,0.2297705054473075
Size-weighted failure,467,Bank_05,0.25524124537161796
Size-weighted failure,468,Bank_12,0.049847926664306985
Size-weighted failure,469,Bank_04,0.25567572444338144
Size-weighted failure,470,Bank_04,0.25567572444338144
Size-weighted failure,471,Bank_03,0.27165350518050047
Size-weighted failure,472,Bank_19,0.034159813496486904
Size-weighted failure,473,Bank_05,0.25524124537161796
Size-weighted failure,474,Bank_03,0.27165350518050047
Size-weighted failure,475,Bank_02,0.28049715681577897
Size-weighted failure,476,Bank_02,0.28049715681577897
Size-weighted failure,477,Bank_04,0.25567572444338144
Size-weighted failure,478,Bank_17,0.03785880409508039
Size-weighted failure,479,Bank_05,0.25524124537161796
Size-weighted failure,480,Bank_02,0.28049715681577897
Size-weighted failure,481,Bank_13,0.0321075807694755
Size-weighted failure,482,Bank_03,0.27165350518050047
Size-weighted failure,483,Bank_13,0.0321075807694755
Size-weighted failure,484,Bank_02,0.28049715681577897
Size-weighted failure,485,Bank_05,0.25524124537161796
Size-weighted failure,486,Bank_16,0.033807221312953356
Size-weighted failure,487,Bank_02,0.28049715681577897
Size-weighted failure,488,Bank_05,0.25524124537161796
Size-weighted failure,489,Bank_20,0.03774535768745524
Size-weighted failure,490,Bank_02,0.28049715681577897
Size-weighted failure,491,Bank_01,0.2297705054473075
Size-weighted failure,492,Bank_05,0.25524124537161796
Size-weighted failure,493,Bank_03,0.27165350518050047
Size-weighted failure,494,Bank_01,0.2297705054473075
Size-weighted failure,495,Bank_04,0.25567572444338144
Size-weighted failure,496,Bank_06,0.03452446330244111
Size-weighted failure,497,Bank_02,0.28049715681577897
Size-weighted failure,498,Bank_03,0.27165350518050047
Size-weighted failure,499,Bank_12,0.049847926664306985
Size-weighted failure,500,Bank_04,0.25567572444338144
Size-weighted failure,501,Bank_12,0.049847926664306985
Size-weighted failure,502,Bank_03,0.27165350518050047
Size-weighted failure,503,Bank_18,0.02025102804080488
Size-weighted failure,504,Bank_05,0.25524124537161796
Size-weighted failure,505,Bank_02,0.28049715681577897
Size-weighted failure,506,Bank_14,0.044543718812041
Size-weighted failure,507,Bank_04,0.25567572444338144
Size-weighted failure,508,Bank_02,0.28049715681577897
Size-weighted failure,509,Bank_02,0.28049715681577897
Size-weighted failure,510,Bank_05,0.25524124537161796
Size-weighted failure,511,Bank_01,0.2297705054473075
Size-weighted failure,512,Bank_02,0.28049715681577897
Size-weighted failure,513,Bank_02,0.28049715681577897
Size-weighted failure,514,Bank_03,0.27165350518050047
Size-weighted failure,515,Bank_03,0.27165350518050047
Size-weighted failure,516,Bank_04,0.25567572444338144
Size-weighted failure,517,Bank_02,0.28049715681577897
Size-weighted failure,518,Bank_01,0.2297705054473075
Size-weighted failure,519,Bank_05,0.25524124537161796
Size-weighted failure,520,Bank_03,0.27165350518050047
Size-weighted failure,521,Bank_05,0.25524124537161796
Size-weighted failure,522,Bank_01,0.2297705054473075
Size-weighted failure,523,Bank_01,0.2297705054473075
Size-weighted failure,524,Bank_02,0.28049715681577897
Size-weighted failure,525,Bank_04,0.25567572444338144
Size-weighted failure,526,Bank_03,0.27165350518050047
Size-weighted failure,527,Bank_11,0.0399801622024546
Size-weighted failure,528,Bank_03,0.27165350518050047
Size-weighted failure,529,Bank_04,0.25567572444338144
Size-weighted failure,530,Bank_04,0.25567572444338144
Size-weighted failure,531,Bank_01,0.2297705054473075
Size-weighted failure,532,Bank_04,0.25567572444338144
Size-weighted failure,533,Bank_03,0.27165350518050047
Size-weighted failure,534,Bank_03,0.27165350518050047
Size-weighted failure,535,Bank_01,0.2297705054473075
Size-weighted failure,536,Bank_08,0.031372847122408294
Size-weighted failure,537,Bank_17,0.03785880409508039
Size-weighted failure,538,Bank_01,0.2297705054473075
Size-weighted failure,539,Bank_05,0.25524124537161796
Size-weighted failure,540,Bank_07,0.03246194484470445
Size-weighted failure,541,Bank_02,0.28049715681577897
Size-weighted failure,542,Bank_08,0.031372847122408294
Size-weighted failure,543,Bank_05,0.25524124537161796
Size-weighted failure,544,Bank_16,0.033807221312953356
Size-weighted failure,545,Bank_19,0.034159813496486904
Size-weighted failure,546,Bank_01,0.2297705054473075
Size-weighted failure,547,Bank_03,0.27165350518050047
Size-weighted failure,548,Bank_04,0.25567572444338144
Size-weighted failure,549,Bank_02,0.28049715681577897
Size-weighted failure,550,Bank_03,0.27165350518050047
Size-weighted failure,551,Bank_20,0.03774535768745524
Size-weighted failure,552,Bank_01,0.2297705054473075
Size-weighted failure,553,Bank_04,0.25567572444338144
Size-weighted failure,554,Bank_12,0.049847926664306985
Size-weighted failure,555,Bank_03,0.27165350518050047
Size-weighted failure,556,Bank_04,0.25567572444338144
Size-weighted failure,557,Bank_19,0.034159813496486904
Size-weighted failure,558,Bank_04,0.25567572444338144
Size-weighted failure,559,Bank_02,0.28049715681577897
Size-weighted failure,560,Bank_01,0.2297705054473075
Size-weighted failure,561,Bank_17,0.03785880409508039
Size-weighted failure,562,Bank_02,0.28049715681577897
Size-weighted failure,563,Bank_04,0.25567572444338144
Size-weighted failure,564,Bank_01,0.2297705054473075
Size-weighted failure,565,Bank_03,0.27165350518050047
Size-weighted failure,566,Bank_16,0.033807221312953356
Size-weighted failure,567,Bank_04,0.25567572444338144
Size-weighted failure,568,Bank_19,0.034159813496486904
Size-weighted failure,569,Bank_02,0.28049715681577897
Size-weighted failure,570,Bank_04,0.25567572444338144
Size-weighted failure,571,Bank_13,0.0321075807694755
Size-weighted failure,572,Bank_03,0.27165350518050047
Size-weighted failure,573,Bank_02,0.28049715681577897
Size-weighted failure,574,Bank_13,0.0321075807694755
Size-weighted failure,575,Bank_03,0.27165350518050047
Size-weighted failure,576,Bank_04,0.25567572444338144
Size-weighted failure,577,Bank_19,0.034159813496486904
Size-weighted failure,578,Bank_02,0.28049715681577897
Size-weighted failure,579,Bank_03,0.27165350518050047
Size-weighted failure,580,Bank_01,0.2297705054473075
Size-weighted failure,581,Bank_03,0.27165350518050047
Size-weighted failure,582,Bank_02,0.28049715681577897
Size-weighted failure,583,Bank_05,0.25524124537161796
Size-weighted failure,584,Bank_02,0.28049715681577897
Size-weighted failure,585,Bank_05,0.25524124537161796
Size-weighted failure,586,Bank_02,0.28049715681577897
Size-weighted failure,587,Bank_03,0.27165350518050047
Size-weighted failure,588,Bank_03,0.27165350518050047
Size-weighted failure,589,Bank_05,0.25524124537161796
Size-weighted failure,590,Bank_04,0.25567572444338144
Size-weighted failure,591,Bank_03,0.27165350518050047
Size-weighted failure,592,Bank_13,0.0321075807694755
Size-weighted failure,593,Bank_04,0.25567572444338144
Size-weighted failure,594,Bank_02,0.28049715681577897
Size-weighted failure,595,Bank_15,0.04479492221037007
Size-weighted failure,596,Bank_03,0.27165350518050047
Size-weighted failure,597,Bank_01,0.2297705054473075
Size-weighted failure,598,Bank_04,0.25567572444338144
Size-weighted failure,599,Bank_02,0.28049715681577897
Size-weighted failure,600,Bank_02,0.28049715681577897
Size-weighted failure,601,Bank_06,0.03452446330244111
Size-weighted failure,602,Bank_02,0.28049715681577897
Size-weighted failure,603,Bank_10,0.03080520063691546
Size-weighted failure,604,Bank_17,0.03785880409508039
Size-weighted failure,605,Bank_05,0.25524124537161796
Size-weighted failure,606,Bank_05,0.25524124537161796
Size-weighted failure,607,Bank_05,0.25524124537161796
Size-weighted failure,608,Bank_20,0.03774535768745524
Size-weighted failure,609,Bank_03,0.27165350518050047
Size-weighted failure,610,Bank_02,0.28049715681577897
Size-weighted failure,611,Bank_04,0.25567572444338144
Size-weighted failure,612,Bank_04,0.25567572444338144
Size-weighted failure,613,Bank_02,0.28049715681577897
Size-weighted failure,614,Bank_05,0.25524124537161796
Size-weighted failure,615,Bank_01,0.2297705054473075
Size-weighted failure,616,Bank_16,0.033807221312953356
Size-weighted failure,617,Bank_02,0.28049715681577897
Size-weighted failure,618,Bank_01,0.2297705054473075
Size-weighted failure,619,Bank_01,0.2297705054473075
Size-weighted failure,620,Bank_02,0.28049715681577897
Size-weighted failure,621,Bank_02,0.28049715681577897
Size-weighted failure,622,Bank_01,0.2297705054473075
Size-weighted failure,623,Bank_02,0.28049715681577897
Size-weighted failure,624,Bank_02,0.28049715681577897
Size-weighted failure,625,Bank_03,0.27165350518050047
Size-weighted failure,626,Bank_03,0.27165350518050047
Size-weighted failure,627,Bank_03,0.27165350518050047
Size-weighted failure,628,Bank_03,0.27165350518050047
Size-weighted failure,629,Bank_01,0.2297705054473075
Size-weighted failure,630,Bank_01,0.2297705054473075
Size-weighted failure,631,Bank_02,0.28049715681577897
Size-weighted failure,632,Bank_06,0.03452446330244111
Size-weighted failure,633,Bank_20,0.03774535768745524
Size-weighted failure,634,Bank_16,0.033807221312953356
Size-weighted failure,635,Bank_04,0.25567572444338144
Size-weighted failure,636,Bank_04,0.25567572444338144
Size-weighted failure,637,Bank_03,0.27165350518050047
Size-weighted failure,638,Bank_08,0.031372847122408294
Size-weighted failure,639,Bank_07,0.03246194484470445
Size-weighted failure,640,Bank_12,0.049847926664306985
Size-weighted failure,641,Bank_15,0.04479492221037007
Size-weighted failure,642,Bank_03,0.27165350518050047
Size-weighted failure,643,Bank_07,0.03246194484470445
Size-weighted failure,644,Bank_10,0.03080520063691546
Size-weighted failure,645,Bank_03,0.27165350518050047
Size-weighted failure,646,Bank_16,0.033807221312953356
Size-weighted failure,647,Bank_01,0.2297705054473075
Size-weighted failure,648,Bank_20,0.03774535768745524
Size-weighted failure,649,Bank_07,0.03246194484470445
Size-weighted failure,650,Bank_01,0.2297705054473075
Size-weighted failure,651,Bank_05,0.25524124537161796
Size-weighted failure,652,Bank_01,0.2297705054473075
Size-weighted failure,653,Bank_07,0.03246194484470445
Size-weighted failure,654,Bank_09,0.02054558688146143
Size-weighted failure,655,Bank_05,0.25524124537161796
Size-weighted failure,656,Bank_13,0.0321075807694755
Size-weighted failure,657,Bank_01,0.2297705054473075
Size-weighted failure,658,Bank_02,0.28049715681577897
Size-weighted failure,659,Bank_03,0.27165350518050047
Size-weighted failure,660,Bank_01,0.2297705054473075
Size-weighted failure,661,Bank_03,0.27165350518050047
Size-weighted failure,662,Bank_02,0.28049715681577897
Size-weighted failure,663,Bank_03,0.27165350518050047
Size-weighted failure,664,Bank_03,0.27165350518050047
Size-weighted failure,665,Bank_14,0.044543718812041
Size-weighted failure,666,Bank_02,0.28049715681577897
Size-weighted failure,667,Bank_14,0.044543718812041
Size-weighted failure,668,Bank_03,0.27165350518050047
Size-weighted failure,669,Bank_03,0.27165350518050047
Size-weighted failure,670,Bank_04,0.25567572444338144
Size-weighted failure,671,Bank_03,0.27165350518050047
Size-weighted failure,672,Bank_02,0.28049715681577897
Size-weighted failure,673,Bank_04,0.25567572444338144
Size-weighted failure,674,Bank_02,0.28049715681577897
Size-weighted failure,675,Bank_03,0.27165350518050047
Size-weighted failure,676,Bank_04,0.25567572444338144
Size-weighted failure,677,Bank_03,0.27165350518050047
Size-weighted failure,678,Bank_11,0.0399801622024546
Size-weighted failure,679,Bank_02,0.28049715681577897
Size-weighted failure,680,Bank_19,0.034159813496486904
Size-weighted failure,681,Bank_08,0.031372847122408294
Size-weighted failure,682,Bank_19,0.034159813496486904
Size-weighted failure,683,Bank_12,0.049847926664306985
Size-weighted failure,684,Bank_02,0.28049715681577897
Size-weighted failure,685,Bank_04,0.25567572444338144
Size-weighted failure,686,Bank_02,0.28049715681577897
Size-weighted failure,687,Bank_11,0.0399801622024546
Size-weighted failure,688,Bank_04,0.25567572444338144
Size-weighted failure,689,Bank_02,0.28049715681577897
Size-weighted failure,690,Bank_16,0.033807221312953356
Size-weighted failure,691,Bank_02,0.28049715681577897
Size-weighted failure,692,Bank_04,0.25567572444338144
Size-weighted failure,693,Bank_05,0.25524124537161796
Size-weighted failure,694,Bank_01,0.2297705054473075
Size-weighted failure,695,Bank_05,0.25524124537161796
Size-weighted failure,696,Bank_11,0.0399801622024546
Size-weighted failure,697,Bank_01,0.2297705054473075
Size-weighted failure,698,Bank_04,0.25567572444338144
Size-weighted failure,699,Bank_02,0.28049715681577897
Size-weighted failure,700,Bank_05,0.25524124537161796
Size-weighted failure,701,Bank_02,0.28049715681577897
Size-weighted failure,702,Bank_17,0.03785880409508039
Size-weighted failure,703,Bank_15,0.04479492221037007
Size-weighted failure,704,Bank_02,0.28049715681577897
Size-weighted failure,705,Bank_03,0.27165350518050047
Size-weighted failure,706,Bank_04,0.25567572444338144
Size-weighted failure,707,Bank_05,0.25524124537161796
Size-weighted failure,708,Bank_03,0.27165350518050047
Size-weighted failure,709,Bank_02,0.28049715681577897
Size-weighted failure,710,Bank_01,0.2297705054473075
Size-weighted failure,711,Bank_20,0.03774535768745524
Size-weighted failure,712,Bank_04,0.25567572444338144
Size-weighted failure,713,Bank_14,0.044543718812041
Size-weighted failure,714,Bank_04,0.25567572444338144
Size-weighted failure,715,Bank_16,0.033807221312953356
Size-weighted failure,716,Bank_01,0.2297705054473075
Size-weighted failure,717,Bank_02,0.28049715681577897
Size-weighted failure,718,Bank_16,0.033807221312953356
Size-weighted failure,719,Bank_17,0.03785880409508039
Size-weighted failure,720,Bank_03,0.27165350518050047
Size-weighted failure,721,Bank_03,0.27165350518050047
Size-weighted failure,722,Bank_04,0.25567572444338144
Size-weighted failure,723,Bank_03,0.27165350518050047
Size-weighted failure,724,Bank_02,0.28049715681577897
Size-weighted failure,725,Bank_15,0.04479492221037007
Size-weighted failure,726,Bank_02,0.28049715681577897
Size-weighted failure,727,Bank_05,0.25524124537161796
Size-weighted failure,728,Bank_01,0.2297705054473075
Size-weighted failure,729,Bank_01,0.2297705054473075
Size-weighted failure,730,Bank_05,0.25524124537161796
Size-weighted failure,731,Bank_03,0.27165350518050047
Size-weighted failure,732,Bank_05,0.25524124537161796
Size-weighted failure,733,Bank_01,0.2297705054473075
Size-weighted failure,734,Bank_17,0.03785880409508039
Size-weighted failure,735,Bank_06,0.03452446330244111
Size-weighted failure,736,Bank_14,0.044543718812041
Size-weighted failure,737,Bank_02,0.28049715681577897
Size-weighted failure,738,Bank_03,0.27165350518050047
Size-weighted failure,739,Bank_03,0.27165350518050047
Size-weighted failure,740,Bank_04,0.25567572444338144
Size-weighted failure,741,Bank_03,0.27165350518050047
Size-weighted failure,742,Bank_01,0.2297705054473075
Size-weighted failure,743,Bank_03,0.27165350518050047
Size-weighted failure,744,Bank_02,0.28049715681577897
Size-weighted failure,745,Bank_03,0.27165350518050047
Size-weighted failure,746,Bank_02,0.28049715681577897
Size-weighted failure,747,Bank_02,0.28049715681577897
Size-weighted failure,748,Bank_05,0.25524124537161796
Size-weighted failure,749,Bank_03,0.27165350518050047
Size-weighted failure,750,Bank_03,0.27165350518050047
Size-weighted failure,751,Bank_04,0.25567572444338144
Size-weighted failure,752,Bank_08,0.031372847122408294
Size-weighted failure,753,Bank_03,0.27165350518050047
Size-weighted failure,754,Bank_04,0.25567572444338144
Size-weighted failure,755,Bank_19,0.034159813496486904
Size-weighted failure,756,Bank_04,0.25567572444338144
Size-weighted failure,757,Bank_15,0.04479492221037007
Size-weighted failure,758,Bank_09,0.02054558688146143
Size-weighted failure,759,Bank_01,0.2297705054473075
Size-weighted failure,760,Bank_03,0.27165350518050047
Size-weighted failure,761,Bank_05,0.25524124537161796
Size-weighted failure,762,Bank_20,0.03774535768745524
Size-weighted failure,763,Bank_04,0.25567572444338144
Size-weighted failure,764,Bank_01,0.2297705054473075
Size-weighted failure,765,Bank_04,0.25567572444338144
Size-weighted failure,766,Bank_02,0.28049715681577897
Size-weighted failure,767,Bank_06,0.03452446330244111
Size-weighted failure,768,Bank_04,0.25567572444338144
Size-weighted failure,769,Bank_05,0.25524124537161796
Size-weighted failure,770,Bank_13,0.0321075807694755
Size-weighted failure,771,Bank_05,0.25524124537161796
Size-weighted failure,772,Bank_05,0.25524124537161796
Size-weighted failure,773,Bank_06,0.03452446330244111
Size-weighted failure,774,Bank_12,0.049847926664306985
Size-weighted failure,775,Bank_13,0.0321075807694755
Size-weighted failure,776,Bank_01,0.2297705054473075
Size-weighted failure,777,Bank_04,0.25567572444338144
Size-weighted failure,778,Bank_02,0.28049715681577897
Size-weighted failure,779,Bank_13,0.0321075807694755
Size-weighted failure,780,Bank_05,0.25524124537161796
Size-weighted failure,781,Bank_03,0.27165350518050047
Size-weighted failure,782,Bank_02,0.28049715681577897
Size-weighted failure,783,Bank_03,0.27165350518050047
Size-weighted failure,784,Bank_05,0.25524124537161796
Size-weighted failure,785,Bank_02,0.28049715681577897
Size-weighted failure,786,Bank_01,0.2297705054473075
Size-weighted failure,787,Bank_14,0.044543718812041
Size-weighted failure,788,Bank_07,0.03246194484470445
Size-weighted failure,789,Bank_02,0.28049715681577897
Size-weighted failure,790,Bank_03,0.27165350518050047
Size-weighted failure,791,Bank_19,0.034159813496486904
Size-weighted failure,792,Bank_05,0.25524124537161796
Size-weighted failure,793,Bank_05,0.25524124537161796
Size-weighted failure,794,Bank_03,0.27165350518050047
Size-weighted failure,795,Bank_03,0.27165350518050047
Size-weighted failure,796,Bank_01,0.2297705054473075
Size-weighted failure,797,Bank_05,0.25524124537161796
Size-weighted failure,798,Bank_01,0.2297705054473075
Size-weighted failure,799,Bank_01,0.2297705054473075
Size-weighted failure,800,Bank_05,0.25524124537161796
Size-weighted failure,801,Bank_17,0.03785880409508039
Size-weighted failure,802,Bank_06,0.03452446330244111
Size-weighted failure,803,Bank_04,0.25567572444338144
Size-weighted failure,804,Bank_04,0.25567572444338144
Size-weighted failure,805,Bank_03,0.27165350518050047
Size-weighted failure,806,Bank_03,0.27165350518050047
Size-weighted failure,807,Bank_04,0.25567572444338144
Size-weighted failure,808,Bank_03,0.27165350518050047
Size-weighted failure,809,Bank_05,0.25524124537161796
Size-weighted failure,810,Bank_15,0.04479492221037007
Size-weighted failure,811,Bank_20,0.03774535768745524
Size-weighted failure,812,Bank_01,0.2297705054473075
Size-weighted failure,813,Bank_03,0.27165350518050047
Size-weighted failure,814,Bank_02,0.28049715681577897
Size-weighted failure,815,Bank_03,0.27165350518050047
Size-weighted failure,816,Bank_03,0.27165350518050047
Size-weighted failure,817,Bank_02,0.28049715681577897
Size-weighted failure,818,Bank_07,0.03246194484470445
Size-weighted failure,819,Bank_04,0.25567572444338144
Size-weighted failure,820,Bank_16,0.033807221312953356
Size-weighted failure,821,Bank_01,0.2297705054473075
Size-weighted failure,822,Bank_01,0.2297705054473075
Size-weighted failure,823,Bank_03,0.27165350518050047
Size-weighted failure,824,Bank_01,0.2297705054473075
Size-weighted failure,825,Bank_02,0.28049715681577897
Size-weighted failure,826,Bank_20,0.03774535768745524
Size-weighted failure,827,Bank_02,0.28049715681577897
Size-weighted failure,828,Bank_02,0.28049715681577897
Size-weighted failure,829,Bank_04,0.25567572444338144
Size-weighted failure,830,Bank_04,0.25567572444338144
Size-weighted failure,831,Bank_04,0.25567572444338144
Size-weighted failure,832,Bank_03,0.27165350518050047
Size-weighted failure,833,Bank_12,0.049847926664306985
Size-weighted failure,834,Bank_02,0.28049715681577897
Size-weighted failure,835,Bank_03,0.27165350518050047
Size-weighted failure,836,Bank_05,0.25524124537161796
Size-weighted failure,837,Bank_13,0.0321075807694755
Size-weighted failure,838,Bank_03,0.27165350518050047
Size-weighted failure,839,Bank_04,0.25567572444338144
Size-weighted failure,840,Bank_01,0.2297705054473075
Size-weighted failure,841,Bank_02,0.28049715681577897
Size-weighted failure,842,Bank_01,0.2297705054473075
Size-weighted failure,843,Bank_05,0.25524124537161796
Size-weighted failure,844,Bank_03,0.27165350518050047
Size-weighted failure,845,Bank_05,0.25524124537161796
Size-weighted failure,846,Bank_01,0.2297705054473075
Size-weighted failure,847,Bank_13,0.0321075807694755
Size-weighted failure,848,Bank_12,0.049847926664306985
Size-weighted failure,849,Bank_01,0.2297705054473075
Size-weighted failure,850,Bank_01,0.2297705054473075
Size-weighted failure,851,Bank_01,0.2297705054473075
Size-weighted failure,852,Bank_13,0.0321075807694755
Size-weighted failure,853,Bank_02,0.28049715681577897
Size-weighted failure,854,Bank_04,0.25567572444338144
Size-weighted failure,855,Bank_03,0.27165350518050047
Size-weighted failure,856,Bank_09,0.02054558688146143
Size-weighted failure,857,Bank_04,0.25567572444338144
Size-weighted failure,858,Bank_04,0.25567572444338144
Size-weighted failure,859,Bank_20,0.03774535768745524
Size-weighted failure,860,Bank_02,0.28049715681577897
Size-weighted failure,861,Bank_12,0.049847926664306985
Size-weighted failure,862,Bank_01,0.2297705054473075
Size-weighted failure,863,Bank_04,0.25567572444338144
Size-weighted failure,864,Bank_14,0.044543718812041
Size-weighted failure,865,Bank_05,0.25524124537161796
Size-weighted failure,866,Bank_05,0.25524124537161796
Size-weighted failure,867,Bank_02,0.28049715681577897
Size-weighted failure,868,Bank_03,0.27165350518050047
Size-weighted failure,869,Bank_03,0.27165350518050047
Size-weighted failure,870,Bank_04,0.25567572444338144
Size-weighted failure,871,Bank_04,0.25567572444338144
Size-weighted failure,872,Bank_03,0.27165350518050047
Size-weighted failure,873,Bank_03,0.27165350518050047
Size-weighted failure,874,Bank_02,0.28049715681577897
Size-weighted failure,875,Bank_03,0.27165350518050047
Size-weighted failure,876,Bank_02,0.28049715681577897
Size-weighted failure,877,Bank_13,0.0321075807694755
Size-weighted failure,878,Bank_05,0.25524124537161796
Size-weighted failure,879,Bank_02,0.28049715681577897
Size-weighted failure,880,Bank_05,0.25524124537161796
Size-weighted failure,881,Bank_12,0.049847926664306985
Size-weighted failure,882,Bank_02,0.28049715681577897
Size-weighted failure,883,Bank_02,0.28049715681577897
Size-weighted failure,884,Bank_01,0.2297705054473075
Size-weighted failure,885,Bank_01,0.2297705054473075
Size-weighted failure,886,Bank_07,0.03246194484470445
Size-weighted failure,887,Bank_20,0.03774535768745524
Size-weighted failure,888,Bank_01,0.2297705054473075
Size-weighted failure,889,Bank_06,0.03452446330244111
Size-weighted failure,890,Bank_01,0.2297705054473075
Size-weighted failure,891,Bank_04,0.25567572444338144
Size-weighted failure,892,Bank_06,0.03452446330244111
Size-weighted failure,893,Bank_03,0.27165350518050047
Size-weighted failure,894,Bank_01,0.2297705054473075
Size-weighted failure,895,Bank_05,0.25524124537161796
Size-weighted failure,896,Bank_20,0.03774535768745524
Size-weighted failure,897,Bank_02,0.28049715681577897
Size-weighted failure,898,Bank_02,0.28049715681577897
Size-weighted failure,899,Bank_02,0.28049715681577897
Size-weighted failure,900,Bank_04,0.25567572444338144
Size-weighted failure,901,Bank_05,0.25524124537161796
Size-weighted failure,902,Bank_09,0.02054558688146143
Size-weighted failure,903,Bank_06,0.03452446330244111
Size-weighted failure,904,Bank_14,0.044543718812041
Size-weighted failure,905,Bank_10,0.03080520063691546
Size-weighted failure,906,Bank_02,0.28049715681577897
Size-weighted failure,907,Bank_04,0.25567572444338144
Size-weighted failure,908,Bank_03,0.27165350518050047
Size-weighted failure,909,Bank_03,0.27165350518050047
Size-weighted failure,910,Bank_16,0.033807221312953356
Size-weighted failure,911,Bank_05,0.25524124537161796
Size-weighted failure,912,Bank_19,0.034159813496486904
Size-weighted failure,913,Bank_03,0.27165350518050047
Size-weighted failure,914,Bank_04,0.25567572444338144
Size-weighted failure,915,Bank_04,0.25567572444338144
Size-weighted failure,916,Bank_01,0.2297705054473075
Size-weighted failure,917,Bank_02,0.28049715681577897
Size-weighted failure,918,Bank_04,0.25567572444338144
Size-weighted failure,919,Bank_01,0.2297705054473075
Size-weighted failure,920,Bank_16,0.033807221312953356
Size-weighted failure,921,Bank_02,0.28049715681577897
Size-weighted failure,922,Bank_02,0.28049715681577897
Size-weighted failure,923,Bank_07,0.03246194484470445
Size-weighted failure,924,Bank_01,0.2297705054473075
Size-weighted failure,925,Bank_15,0.04479492221037007
Size-weighted failure,926,Bank_05,0.25524124537161796
Size-weighted failure,927,Bank_01,0.2297705054473075
Size-weighted failure,928,Bank_05,0.25524124537161796
Size-weighted failure,929,Bank_05,0.25524124537161796
Size-weighted failure,930,Bank_06,0.03452446330244111
Size-weighted failure,931,Bank_12,0.049847926664306985
Size-weighted failure,932,Bank_05,0.25524124537161796
Size-weighted failure,933,Bank_04,0.25567572444338144
Size-weighted failure,934,Bank_03,0.27165350518050047
Size-weighted failure,935,Bank_05,0.25524124537161796
Size-weighted failure,936,Bank_18,0.02025102804080488
Size-weighted failure,937,Bank_04,0.25567572444338144
Size-weighted failure,938,Bank_05,0.25524124537161796
Size-weighted failure,939,Bank_03,0.27165350518050047
Size-weighted failure,940,Bank_06,0.03452446330244111
Size-weighted failure,941,Bank_20,0.03774535768745524
Size-weighted failure,942,Bank_02,0.28049715681577897
Size-weighted failure,943,Bank_02,0.28049715681577897
Size-weighted failure,944,Bank_04,0.25567572444338144
Size-weighted failure,945,Bank_04,0.25567572444338144
Size-weighted failure,946,Bank_04,0.25567572444338144
Size-weighted failure,947,Bank_01,0.2297705054473075
Size-weighted failure,948,Bank_03,0.27165350518050047
Size-weighted failure,949,Bank_04,0.25567572444338144
Size-weighted failure,950,Bank_04,0.25567572444338144
Size-weighted failure,951,Bank_05,0.25524124537161796
Size-weighted failure,952,Bank_05,0.25524124537161796
Size-weighted failure,953,Bank_05,0.25524124537161796
Size-weighted failure,954,Bank_08,0.031372847122408294
Size-weighted failure,955,Bank_05,0.25524124537161796
Size-weighted failure,956,Bank_04,0.25567572444338144
Size-weighted failure,957,Bank_05,0.25524124537161796
Size-weighted failure,958,Bank_01,0.2297705054473075
Size-weighted failure,959,Bank_02,0.28049715681577897
Size-weighted failure,960,Bank_04,0.25567572444338144
Size-weighted failure,961,Bank_14,0.044543718812041
Size-weighted failure,962,Bank_05,0.25524124537161796
Size-weighted failure,963,Bank_01,0.2297705054473075
Size-weighted failure,964,Bank_04,0.25567572444338144
Size-weighted failure,965,Bank_02,0.28049715681577897
Size-weighted failure,966,Bank_05,0.25524124537161796
Size-weighted failure,967,Bank_12,0.049847926664306985
Size-weighted failure,968,Bank_04,0.25567572444338144
Size-weighted failure,969,Bank_04,0.25567572444338144
Size-weighted failure,970,Bank_03,0.27165350518050047
Size-weighted failure,971,Bank_03,0.27165350518050047
Size-weighted failure,972,Bank_13,0.0321075807694755
Size-weighted failure,973,Bank_05,0.25524124537161796
Size-weighted failure,974,Bank_04,0.25567572444338144
Size-weighted failure,975,Bank_03,0.27165350518050047
Size-weighted failure,976,Bank_01,0.2297705054473075
Size-weighted failure,977,Bank_02,0.28049715681577897
Size-weighted failure,978,Bank_02,0.28049715681577897
Size-weighted failure,979,Bank_03,0.27165350518050047
Size-weighted failure,980,Bank_17,0.03785880409508039
Size-weighted failure,981,Bank_04,0.25567572444338144
Size-weighted failure,982,Bank_02,0.28049715681577897
Size-weighted failure,983,Bank_01,0.2297705054473075
Size-weighted failure,984,Bank_03,0.27165350518050047
Size-weighted failure,985,Bank_11,0.0399801622024546
Size-weighted failure,986,Bank_03,0.27165350518050047
Size-weighted failure,987,Bank_08,0.031372847122408294
Size-weighted failure,988,Bank_10,0.03080520063691546
Size-weighted failure,989,Bank_01,0.2297705054473075
Size-weighted failure,990,Bank_05,0.25524124537161796
Size-weighted failure,991,Bank_18,0.02025102804080488
Size-weighted failure,992,Bank_03,0.27165350518050047
Size-weighted failure,993,Bank_01,0.2297705054473075
Size-weighted failure,994,Bank_16,0.033807221312953356
Size-weighted failure,995,Bank_14,0.044543718812041
Size-weighted failure,996,Bank_04,0.25567572444338144
Size-weighted failure,997,Bank_04,0.25567572444338144
Size-weighted failure,998,Bank_02,0.28049715681577897
Size-weighted failure,999,Bank_11,0.0399801622024546
Size-weighted failure,1000,Bank_04,0.25567572444338144
Size-weighted failure,1001,Bank_01,0.2297705054473075
Size-weighted failure,1002,Bank_05,0.25524124537161796
Size-weighted failure,1003,Bank_17,0.03785880409508039
Size-weighted failure,1004,Bank_12,0.049847926664306985
Size-weighted failure,1005,Bank_02,0.28049715681577897
Size-weighted failure,1006,Bank_01,0.2297705054473075
Size-weighted failure,1007,Bank_17,0.03785880409508039
Size-weighted failure,1008,Bank_17,0.03785880409508039
Size-weighted failure,1009,Bank_04,0.25567572444338144
Size-weighted failure,1010,Bank_05,0.25524124537161796
Size-weighted failure,1011,Bank_04,0.25567572444338144
Size-weighted failure,1012,Bank_03,0.27165350518050047
Size-weighted failure,1013,Bank_02,0.28049715681577897
Size-weighted failure,1014,Bank_01,0.2297705054473075
Size-weighted failure,1015,Bank_02,0.28049715681577897
Size-weighted failure,1016,Bank_12,0.049847926664306985
Size-weighted failure,1017,Bank_02,0.28049715681577897
Size-weighted failure,1018,Bank_02,0.28049715681577897
Size-weighted failure,1019,Bank_04,0.25567572444338144
Size-weighted failure,1020,Bank_02,0.28049715681577897
Size-weighted failure,1021,Bank_02,0.28049715681577897
Size-weighted failure,1022,Bank_04,0.25567572444338144
Size-weighted failure,1023,Bank_03,0.27165350518050047
Size-weighted failure,1024,Bank_05,0.25524124537161796
Size-weighted failure,1025,Bank_15,0.04479492221037007
Size-weighted failure,1026,Bank_02,0.28049715681577897
Size-weighted failure,1027,Bank_15,0.04479492221037007
Size-weighted failure,1028,Bank_15,0.04479492221037007
Size-weighted failure,1029,Bank_12,0.049847926664306985
Size-weighted failure,1030,Bank_05,0.25524124537161796
Size-weighted failure,1031,Bank_05,0.25524124537161796
Size-weighted failure,1032,Bank_05,0.25524124537161796
Size-weighted failure,1033,Bank_05,0.25524124537161796
Size-weighted failure,1034,Bank_01,0.2297705054473075
Size-weighted failure,1035,Bank_18,0.02025102804080488
Size-weighted failure,1036,Bank_04,0.25567572444338144
Size-weighted failure,1037,Bank_08,0.031372847122408294
Size-weighted failure,1038,Bank_03,0.27165350518050047
Size-weighted failure,1039,Bank_01,0.2297705054473075
Size-weighted failure,1040,Bank_04,0.25567572444338144
Size-weighted failure,1041,Bank_04,0.25567572444338144
Size-weighted failure,1042,Bank_03,0.27165350518050047
Size-weighted failure,1043,Bank_03,0.27165350518050047
Size-weighted failure,1044,Bank_02,0.28049715681577897
Size-weighted failure,1045,Bank_04,0.25567572444338144
Size-weighted failure,1046,Bank_03,0.27165350518050047
Size-weighted failure,1047,Bank_19,0.034159813496486904
Size-weighted failure,1048,Bank_02,0.28049715681577897
Size-weighted failure,1049,Bank_03,0.27165350518050047
Size-weighted failure,1050,Bank_03,0.27165350518050047
Size-weighted failure,1051,Bank_04,0.25567572444338144
Size-weighted failure,1052,Bank_04,0.25567572444338144
Size-weighted failure,1053,Bank_05,0.25524124537161796
Size-weighted failure,1054,Bank_17,0.03785880409508039
Size-weighted failure,1055,Bank_02,0.28049715681577897
Size-weighted failure,1056,Bank_05,0.25524124537161796
Size-weighted failure,1057,Bank_01,0.2297705054473075
Size-weighted failure,1058,Bank_02,0.28049715681577897
Size-weighted failure,1059,Bank_04,0.25567572444338144
Size-weighted failure,1060,Bank_01,0.2297705054473075
Size-weighted failure,1061,Bank_05,0.25524124537161796
Size-weighted failure,1062,Bank_05,0.25524124537161796
Size-weighted failure,1063,Bank_06,0.03452446330244111
Size-weighted failure,1064,Bank_04,0.25567572444338144
Size-weighted failure,1065,Bank_05,0.25524124537161796
Size-weighted failure,1066,Bank_03,0.27165350518050047
Size-weighted failure,1067,Bank_01,0.2297705054473075
Size-weighted failure,1068,Bank_01,0.2297705054473075
Size-weighted failure,1069,Bank_05,0.25524124537161796
Size-weighted failure,1070,Bank_20,0.03774535768745524
Size-weighted failure,1071,Bank_01,0.2297705054473075
Size-weighted failure,1072,Bank_04,0.25567572444338144
Size-weighted failure,1073,Bank_06,0.03452446330244111
Size-weighted failure,1074,Bank_12,0.049847926664306985
Size-weighted failure,1075,Bank_04,0.25567572444338144
Size-weighted failure,1076,Bank_05,0.25524124537161796
Size-weighted failure,1077,Bank_05,0.25524124537161796
Size-weighted failure,1078,Bank_13,0.0321075807694755
Size-weighted failure,1079,Bank_02,0.28049715681577897
Size-weighted failure,1080,Bank_16,0.033807221312953356
Size-weighted failure,1081,Bank_01,0.2297705054473075
Size-weighted failure,1082,Bank_12,0.049847926664306985
Size-weighted failure,1083,Bank_01,0.2297705054473075
Size-weighted failure,1084,Bank_02,0.28049715681577897
Size-weighted failure,1085,Bank_01,0.2297705054473075
Size-weighted failure,1086,Bank_03,0.27165350518050047
Size-weighted failure,1087,Bank_03,0.27165350518050047
Size-weighted failure,1088,Bank_02,0.28049715681577897
Size-weighted failure,1089,Bank_04,0.25567572444338144
Size-weighted failure,1090,Bank_03,0.27165350518050047
Size-weighted failure,1091,Bank_07,0.03246194484470445
Size-weighted failure,1092,Bank_14,0.044543718812041
Size-weighted failure,1093,Bank_05,0.25524124537161796
Size-weighted failure,1094,Bank_02,0.28049715681577897
Size-weighted failure,1095,Bank_03,0.27165350518050047
Size-weighted failure,1096,Bank_15,0.04479492221037007
Size-weighted failure,1097,Bank_01,0.2297705054473075
Size-weighted failure,1098,Bank_03,0.27165350518050047
Size-weighted failure,1099,Bank_17,0.03785880409508039
Size-weighted failure,1100,Bank_17,0.03785880409508039
Size-weighted failure,1101,Bank_03,0.27165350518050047
Size-weighted failure,1102,Bank_05,0.25524124537161796
Size-weighted failure,1103,Bank_04,0.25567572444338144
Size-weighted failure,1104,Bank_06,0.03452446330244111
Size-weighted failure,1105,Bank_01,0.2297705054473075
Size-weighted failure,1106,Bank_02,0.28049715681577897
Size-weighted failure,1107,Bank_05,0.25524124537161796
Size-weighted failure,1108,Bank_02,0.28049715681577897
Size-weighted failure,1109,Bank_05,0.25524124537161796
Size-weighted failure,1110,Bank_03,0.27165350518050047
Size-weighted failure,1111,Bank_14,0.044543718812041
Size-weighted failure,1112,Bank_11,0.0399801622024546
Size-weighted failure,1113,Bank_04,0.25567572444338144
Size-weighted failure,1114,Bank_08,0.031372847122408294
Size-weighted failure,1115,Bank_02,0.28049715681577897
Size-weighted failure,1116,Bank_04,0.25567572444338144
Size-weighted failure,1117,Bank_02,0.28049715681577897
Size-weighted failure,1118,Bank_13,0.0321075807694755
Size-weighted failure,1119,Bank_11,0.0399801622024546
Size-weighted failure,1120,Bank_15,0.04479492221037007
Size-weighted failure,1121,Bank_14,0.044543718812041
Size-weighted failure,1122,Bank_18,0.02025102804080488
Size-weighted failure,1123,Bank_02,0.28049715681577897
Size-weighted failure,1124,Bank_16,0.033807221312953356
Size-weighted failure,1125,Bank_04,0.25567572444338144
Size-weighted failure,1126,Bank_03,0.27165350518050047
Size-weighted failure,1127,Bank_04,0.25567572444338144
Size-weighted failure,1128,Bank_03,0.27165350518050047
Size-weighted failure,1129,Bank_03,0.27165350518050047
Size-weighted failure,1130,Bank_02,0.28049715681577897
Size-weighted failure,1131,Bank_01,0.2297705054473075
Size-weighted failure,1132,Bank_04,0.25567572444338144
Size-weighted failure,1133,Bank_14,0.044543718812041
Size-weighted failure,1134,Bank_05,0.25524124537161796
Size-weighted failure,1135,Bank_04,0.25567572444338144
Size-weighted failure,1136,Bank_03,0.27165350518050047
Size-weighted failure,1137,Bank_04,0.25567572444338144
Size-weighted failure,1138,Bank_02,0.28049715681577897
Size-weighted failure,1139,Bank_11,0.0399801622024546
Size-weighted failure,1140,Bank_02,0.28049715681577897
Size-weighted failure,1141,Bank_05,0.25524124537161796
Size-weighted failure,1142,Bank_06,0.03452446330244111
Size-weighted failure,1143,Bank_04,0.25567572444338144
Size-weighted failure,1144,Bank_13,0.0321075807694755
Size-weighted failure,1145,Bank_03,0.27165350518050047
Size-weighted failure,1146,Bank_14,0.044543718812041
Size-weighted failure,1147,Bank_05,0.25524124537161796
Size-weighted failure,1148,Bank_09,0.02054558688146143
Size-weighted failure,1149,Bank_05,0.25524124537161796
Size-weighted failure,1150,Bank_12,0.049847926664306985
Size-weighted failure,1151,Bank_20,0.03774535768745524
Size-weighted failure,1152,Bank_03,0.27165350518050047
Size-weighted failure,1153,Bank_11,0.0399801622024546
Size-weighted failure,1154,Bank_06,0.03452446330244111
Size-weighted failure,1155,Bank_04,0.25567572444338144
Size-weighted failure,1156,Bank_16,0.033807221312953356
Size-weighted failure,1157,Bank_03,0.27165350518050047
Size-weighted failure,1158,Bank_04,0.25567572444338144
Size-weighted failure,1159,Bank_01,0.2297705054473075
Size-weighted failure,1160,Bank_02,0.28049715681577897
Size-weighted failure,1161,Bank_12,0.049847926664306985
Size-weighted failure,1162,Bank_03,0.27165350518050047
Size-weighted failure,1163,Bank_03,0.27165350518050047
Size-weighted failure,1164,Bank_02,0.28049715681577897
Size-weighted failure,1165,Bank_04,0.25567572444338144
Size-weighted failure,1166,Bank_10,0.03080520063691546
Size-weighted failure,1167,Bank_15,0.04479492221037007
Size-weighted failure,1168,Bank_01,0.2297705054473075
Size-weighted failure,1169,Bank_04,0.25567572444338144
Size-weighted failure,1170,Bank_04,0.25567572444338144
Size-weighted failure,1171,Bank_05,0.25524124537161796
Size-weighted failure,1172,Bank_03,0.27165350518050047
Size-weighted failure,1173,Bank_03,0.27165350518050047
Size-weighted failure,1174,Bank_04,0.25567572444338144
Size-weighted failure,1175,Bank_04,0.25567572444338144
Size-weighted failure,1176,Bank_04,0.25567572444338144
Size-weighted failure,1177,Bank_04,0.25567572444338144
Size-weighted failure,1178,Bank_11,0.0399801622024546
Size-weighted failure,1179,Bank_06,0.03452446330244111
Size-weighted failure,1180,Bank_03,0.27165350518050047
Size-weighted failure,1181,Bank_09,0.02054558688146143
Size-weighted failure,1182,Bank_13,0.0321075807694755
Size-weighted failure,1183,Bank_02,0.28049715681577897
Size-weighted failure,1184,Bank_04,0.25567572444338144
Size-weighted failure,1185,Bank_02,0.28049715681577897
Size-weighted failure,1186,Bank_06,0.03452446330244111
Size-weighted failure,1187,Bank_02,0.28049715681577897
Size-weighted failure,1188,Bank_05,0.25524124537161796
Size-weighted failure,1189,Bank_02,0.28049715681577897
Size-weighted failure,1190,Bank_04,0.25567572444338144
Size-weighted failure,1191,Bank_17,0.03785880409508039
Size-weighted failure,1192,Bank_03,0.27165350518050047
Size-weighted failure,1193,Bank_14,0.044543718812041
Size-weighted failure,1194,Bank_20,0.03774535768745524
Size-weighted failure,1195,Bank_14,0.044543718812041
Size-weighted failure,1196,Bank_02,0.28049715681577897
Size-weighted failure,1197,Bank_11,0.0399801622024546
Size-weighted failure,1198,Bank_01,0.2297705054473075
Size-weighted failure,1199,Bank_03,0.27165350518050047
Size-weighted failure,1200,Bank_13,0.0321075807694755
Size-weighted failure,1201,Bank_05,0.25524124537161796
Size-weighted failure,1202,Bank_04,0.25567572444338144
Size-weighted failure,1203,Bank_03,0.27165350518050047
Size-weighted failure,1204,Bank_11,0.0399801622024546
Size-weighted failure,1205,Bank_05,0.25524124537161796
Size-weighted failure,1206,Bank_04,0.25567572444338144
Size-weighted failure,1207,Bank_14,0.044543718812041
Size-weighted failure,1208,Bank_02,0.28049715681577897
Size-weighted failure,1209,Bank_02,0.28049715681577897
Size-weighted failure,1210,Bank_05,0.25524124537161796
Size-weighted failure,1211,Bank_19,0.034159813496486904
Size-weighted failure,1212,Bank_02,0.28049715681577897
Size-weighted failure,1213,Bank_02,0.28049715681577897
Size-weighted failure,1214,Bank_02,0.28049715681577897
Size-weighted failure,1215,Bank_13,0.0321075807694755
Size-weighted failure,1216,Bank_02,0.28049715681577897
Size-weighted failure,1217,Bank_04,0.25567572444338144
Size-weighted failure,1218,Bank_20,0.03774535768745524
Size-weighted failure,1219,Bank_01,0.2297705054473075
Size-weighted failure,1220,Bank_04,0.25567572444338144
Size-weighted failure,1221,Bank_04,0.25567572444338144
Size-weighted failure,1222,Bank_10,0.03080520063691546
Size-weighted failure,1223,Bank_03,0.27165350518050047
Size-weighted failure,1224,Bank_03,0.27165350518050047
Size-weighted failure,1225,Bank_02,0.28049715681577897
Size-weighted failure,1226,Bank_06,0.03452446330244111
Size-weighted failure,1227,Bank_08,0.031372847122408294
Size-weighted failure,1228,Bank_02,0.28049715681577897
Size-weighted failure,1229,Bank_03,0.27165350518050047
Size-weighted failure,1230,Bank_14,0.044543718812041
Size-weighted failure,1231,Bank_01,0.2297705054473075
Size-weighted failure,1232,Bank_03,0.27165350518050047
Size-weighted failure,1233,Bank_04,0.25567572444338144
Size-weighted failure,1234,Bank_03,0.27165350518050047
Size-weighted failure,1235,Bank_02,0.28049715681577897
Size-weighted failure,1236,Bank_04,0.25567572444338144
Size-weighted failure,1237,Bank_02,0.28049715681577897
Size-weighted failure,1238,Bank_04,0.25567572444338144
Size-weighted failure,1239,Bank_05,0.25524124537161796
Size-weighted failure,1240,Bank_04,0.25567572444338144
Size-weighted failure,1241,Bank_01,0.2297705054473075
Size-weighted failure,1242,Bank_12,0.049847926664306985
Size-weighted failure,1243,Bank_02,0.28049715681577897
Size-weighted failure,1244,Bank_07,0.03246194484470445
Size-weighted failure,1245,Bank_03,0.27165350518050047
Size-weighted failure,1246,Bank_08,0.031372847122408294
Size-weighted failure,1247,Bank_02,0.28049715681577897
Size-weighted failure,1248,Bank_02,0.28049715681577897
Size-weighted failure,1249,Bank_04,0.25567572444338144
Size-weighted failure,1250,Bank_01,0.2297705054473075
Size-weighted failure,1251,Bank_02,0.28049715681577897
Size-weighted failure,1252,Bank_05,0.25524124537161796
Size-weighted failure,1253,Bank_12,0.049847926664306985
Size-weighted failure,1254,Bank_01,0.2297705054473075
Size-weighted failure,1255,Bank_14,0.044543718812041
Size-weighted failure,1256,Bank_09,0.02054558688146143
Size-weighted failure,1257,Bank_13,0.0321075807694755
Size-weighted failure,1258,Bank_05,0.25524124537161796
Size-weighted failure,1259,Bank_05,0.25524124537161796
Size-weighted failure,1260,Bank_04,0.25567572444338144
Size-weighted failure,1261,Bank_05,0.25524124537161796
Size-weighted failure,1262,Bank_16,0.033807221312953356
Size-weighted failure,1263,Bank_01,0.2297705054473075
Size-weighted failure,1264,Bank_03,0.27165350518050047
Size-weighted failure,1265,Bank_01,0.2297705054473075
Size-weighted failure,1266,Bank_17,0.03785880409508039
Size-weighted failure,1267,Bank_03,0.27165350518050047
Size-weighted failure,1268,Bank_05,0.25524124537161796
Size-weighted failure,1269,Bank_12,0.049847926664306985
Size-weighted failure,1270,Bank_20,0.03774535768745524
Size-weighted failure,1271,Bank_02,0.28049715681577897
Size-weighted failure,1272,Bank_09,0.02054558688146143
Size-weighted failure,1273,Bank_14,0.044543718812041
Size-weighted failure,1274,Bank_01,0.2297705054473075
Size-weighted failure,1275,Bank_06,0.03452446330244111
Size-weighted failure,1276,Bank_03,0.27165350518050047
Size-weighted failure,1277,Bank_05,0.25524124537161796
Size-weighted failure,1278,Bank_04,0.25567572444338144
Size-weighted failure,1279,Bank_02,0.28049715681577897
Size-weighted failure,1280,Bank_02,0.28049715681577897
Size-weighted failure,1281,Bank_02,0.28049715681577897
Size-weighted failure,1282,Bank_01,0.2297705054473075
Size-weighted failure,1283,Bank_05,0.25524124537161796
Size-weighted failure,1284,Bank_03,0.27165350518050047
Size-weighted failure,1285,Bank_02,0.28049715681577897
Size-weighted failure,1286,Bank_05,0.25524124537161796
Size-weighted failure,1287,Bank_05,0.25524124537161796
Size-weighted failure,1288,Bank_04,0.25567572444338144
Size-weighted failure,1289,Bank_16,0.033807221312953356
Size-weighted failure,1290,Bank_03,0.27165350518050047
Size-weighted failure,1291,Bank_12,0.049847926664306985
Size-weighted failure,1292,Bank_01,0.2297705054473075
Size-weighted failure,1293,Bank_06,0.03452446330244111
Size-weighted failure,1294,Bank_20,0.03774535768745524
Size-weighted failure,1295,Bank_12,0.049847926664306985
Size-weighted failure,1296,Bank_04,0.25567572444338144
Size-weighted failure,1297,Bank_05,0.25524124537161796
Size-weighted failure,1298,Bank_03,0.27165350518050047
Size-weighted failure,1299,Bank_05,0.25524124537161796
Size-weighted failure,1300,Bank_08,0.031372847122408294
Size-weighted failure,1301,Bank_20,0.03774535768745524
Size-weighted failure,1302,Bank_04,0.25567572444338144
Size-weighted failure,1303,Bank_01,0.2297705054473075
Size-weighted failure,1304,Bank_05,0.25524124537161796
Size-weighted failure,1305,Bank_02,0.28049715681577897
Size-weighted failure,1306,Bank_02,0.28049715681577897
Size-weighted failure,1307,Bank_03,0.27165350518050047
Size-weighted failure,1308,Bank_05,0.25524124537161796
Size-weighted failure,1309,Bank_02,0.28049715681577897
Size-weighted failure,1310,Bank_02,0.28049715681577897
Size-weighted failure,1311,Bank_01,0.2297705054473075
Size-weighted failure,1312,Bank_14,0.044543718812041
Size-weighted failure,1313,Bank_05,0.25524124537161796
Size-weighted failure,1314,Bank_01,0.2297705054473075
Size-weighted failure,1315,Bank_01,0.2297705054473075
Size-weighted failure,1316,Bank_04,0.25567572444338144
Size-weighted failure,1317,Bank_02,0.28049715681577897
Size-weighted failure,1318,Bank_05,0.25524124537161796
Size-weighted failure,1319,Bank_03,0.27165350518050047
Size-weighted failure,1320,Bank_16,0.033807221312953356
Size-weighted failure,1321,Bank_03,0.27165350518050047
Size-weighted failure,1322,Bank_05,0.25524124537161796
Size-weighted failure,1323,Bank_01,0.2297705054473075
Size-weighted failure,1324,Bank_18,0.02025102804080488
Size-weighted failure,1325,Bank_19,0.034159813496486904
Size-weighted failure,1326,Bank_06,0.03452446330244111
Size-weighted failure,1327,Bank_04,0.25567572444338144
Size-weighted failure,1328,Bank_02,0.28049715681577897
Size-weighted failure,1329,Bank_11,0.0399801622024546
Size-weighted failure,1330,Bank_05,0.25524124537161796
Size-weighted failure,1331,Bank_02,0.28049715681577897
Size-weighted failure,1332,Bank_04,0.25567572444338144
Size-weighted failure,1333,Bank_04,0.25567572444338144
Size-weighted failure,1334,Bank_12,0.049847926664306985
Size-weighted failure,1335,Bank_05,0.25524124537161796
Size-weighted failure,1336,Bank_05,0.25524124537161796
Size-weighted failure,1337,Bank_05,0.25524124537161796
Size-weighted failure,1338,Bank_02,0.28049715681577897
Size-weighted failure,1339,Bank_03,0.27165350518050047
Size-weighted failure,1340,Bank_01,0.2297705054473075
Size-weighted failure,1341,Bank_08,0.031372847122408294
Size-weighted failure,1342,Bank_03,0.27165350518050047
Size-weighted failure,1343,Bank_03,0.27165350518050047
Size-weighted failure,1344,Bank_02,0.28049715681577897
Size-weighted failure,1345,Bank_02,0.28049715681577897
Size-weighted failure,1346,Bank_04,0.25567572444338144
Size-weighted failure,1347,Bank_02,0.28049715681577897
Size-weighted failure,1348,Bank_01,0.2297705054473075
Size-weighted failure,1349,Bank_07,0.03246194484470445
Size-weighted failure,1350,Bank_03,0.27165350518050047
Size-weighted failure,1351,Bank_03,0.27165350518050047
Size-weighted failure,1352,Bank_03,0.27165350518050047
Size-weighted failure,1353,Bank_11,0.0399801622024546
Size-weighted failure,1354,Bank_03,0.27165350518050047
Size-weighted failure,1355,Bank_06,0.03452446330244111
Size-weighted failure,1356,Bank_17,0.03785880409508039
Size-weighted failure,1357,Bank_05,0.25524124537161796
Size-weighted failure,1358,Bank_03,0.27165350518050047
Size-weighted failure,1359,Bank_06,0.03452446330244111
Size-weighted failure,1360,Bank_04,0.25567572444338144
Size-weighted failure,1361,Bank_03,0.27165350518050047
Size-weighted failure,1362,Bank_04,0.25567572444338144
Size-weighted failure,1363,Bank_03,0.27165350518050047
Size-weighted failure,1364,Bank_01,0.2297705054473075
Size-weighted failure,1365,Bank_03,0.27165350518050047
Size-weighted failure,1366,Bank_02,0.28049715681577897
Size-weighted failure,1367,Bank_03,0.27165350518050047
Size-weighted failure,1368,Bank_04,0.25567572444338144
Size-weighted failure,1369,Bank_16,0.033807221312953356
Size-weighted failure,1370,Bank_01,0.2297705054473075
Size-weighted failure,1371,Bank_05,0.25524124537161796
Size-weighted failure,1372,Bank_04,0.25567572444338144
Size-weighted failure,1373,Bank_01,0.2297705054473075
Size-weighted failure,1374,Bank_02,0.28049715681577897
Size-weighted failure,1375,Bank_02,0.28049715681577897
Size-weighted failure,1376,Bank_02,0.28049715681577897
Size-weighted failure,1377,Bank_02,0.28049715681577897
Size-weighted failure,1378,Bank_03,0.27165350518050047
Size-weighted failure,1379,Bank_04,0.25567572444338144
Size-weighted failure,1380,Bank_01,0.2297705054473075
Size-weighted failure,1381,Bank_02,0.28049715681577897
Size-weighted failure,1382,Bank_01,0.2297705054473075
Size-weighted failure,1383,Bank_04,0.25567572444338144
Size-weighted failure,1384,Bank_03,0.27165350518050047
Size-weighted failure,1385,Bank_04,0.25567572444338144
Size-weighted failure,1386,Bank_02,0.28049715681577897
Size-weighted failure,1387,Bank_01,0.2297705054473075
Size-weighted failure,1388,Bank_17,0.03785880409508039
Size-weighted failure,1389,Bank_01,0.2297705054473075
Size-weighted failure,1390,Bank_02,0.28049715681577897
Size-weighted failure,1391,Bank_02,0.28049715681577897
Size-weighted failure,1392,Bank_19,0.034159813496486904
Size-weighted failure,1393,Bank_05,0.25524124537161796
Size-weighted failure,1394,Bank_05,0.25524124537161796
Size-weighted failure,1395,Bank_20,0.03774535768745524
Size-weighted failure,1396,Bank_01,0.2297705054473075
Size-weighted failure,1397,Bank_19,0.034159813496486904
Size-weighted failure,1398,Bank_02,0.28049715681577897
Size-weighted failure,1399,Bank_05,0.25524124537161796
Size-weighted failure,1400,Bank_03,0.27165350518050047
Size-weighted failure,1401,Bank_03,0.27165350518050047
Size-weighted failure,1402,Bank_16,0.033807221312953356
Size-weighted failure,1403,Bank_02,0.28049715681577897
Size-weighted failure,1404,Bank_20,0.03774535768745524
Size-weighted failure,1405,Bank_03,0.27165350518050047
Size-weighted failure,1406,Bank_05,0.25524124537161796
Size-weighted failure,1407,Bank_19,0.034159813496486904
Size-weighted failure,1408,Bank_01,0.2297705054473075
Size-weighted failure,1409,Bank_16,0.033807221312953356
Size-weighted failure,1410,Bank_04,0.25567572444338144
Size-weighted failure,1411,Bank_05,0.25524124537161796
Size-weighted failure,1412,Bank_02,0.28049715681577897
Size-weighted failure,1413,Bank_04,0.25567572444338144
Size-weighted failure,1414,Bank_05,0.25524124537161796
Size-weighted failure,1415,Bank_04,0.25567572444338144
Size-weighted failure,1416,Bank_02,0.28049715681577897
Size-weighted failure,1417,Bank_02,0.28049715681577897
Size-weighted failure,1418,Bank_13,0.0321075807694755
Size-weighted failure,1419,Bank_01,0.2297705054473075
Size-weighted failure,1420,Bank_05,0.25524124537161796
Size-weighted failure,1421,Bank_20,0.03774535768745524
Size-weighted failure,1422,Bank_01,0.2297705054473075
Size-weighted failure,1423,Bank_02,0.28049715681577897
Size-weighted failure,1424,Bank_05,0.25524124537161796
Size-weighted failure,1425,Bank_01,0.2297705054473075
Size-weighted failure,1426,Bank_04,0.25567572444338144
Size-weighted failure,1427,Bank_05,0.25524124537161796
Size-weighted failure,1428,Bank_04,0.25567572444338144
Size-weighted failure,1429,Bank_03,0.27165350518050047
Size-weighted failure,1430,Bank_05,0.25524124537161796
Size-weighted failure,1431,Bank_04,0.25567572444338144
Size-weighted failure,1432,Bank_02,0.28049715681577897
Size-weighted failure,1433,Bank_04,0.25567572444338144
Size-weighted failure,1434,Bank_14,0.044543718812041
Size-weighted failure,1435,Bank_05,0.25524124537161796
Size-weighted failure,1436,Bank_04,0.25567572444338144
Size-weighted failure,1437,Bank_03,0.27165350518050047
Size-weighted failure,1438,Bank_01,0.2297705054473075
Size-weighted failure,1439,Bank_02,0.28049715681577897
Size-weighted failure,1440,Bank_01,0.2297705054473075
Size-weighted failure,1441,Bank_20,0.03774535768745524
Size-weighted failure,1442,Bank_02,0.28049715681577897
Size-weighted failure,1443,Bank_11,0.0399801622024546
Size-weighted failure,1444,Bank_02,0.28049715681577897
Size-weighted failure,1445,Bank_02,0.28049715681577897
Size-weighted failure,1446,Bank_03,0.27165350518050047
Size-weighted failure,1447,Bank_03,0.27165350518050047
Size-weighted failure,1448,Bank_09,0.02054558688146143
Size-weighted failure,1449,Bank_18,0.02025102804080488
Size-weighted failure,1450,Bank_14,0.044543718812041
Size-weighted failure,1451,Bank_02,0.28049715681577897
Size-weighted failure,1452,Bank_08,0.031372847122408294
Size-weighted failure,1453,Bank_02,0.28049715681577897
Size-weighted failure,1454,Bank_15,0.04479492221037007
Size-weighted failure,1455,Bank_04,0.25567572444338144
Size-weighted failure,1456,Bank_03,0.27165350518050047
Size-weighted failure,1457,Bank_02,0.28049715681577897
Size-weighted failure,1458,Bank_01,0.2297705054473075
Size-weighted failure,1459,Bank_02,0.28049715681577897
Size-weighted failure,1460,Bank_15,0.04479492221037007
Size-weighted failure,1461,Bank_09,0.02054558688146143
Size-weighted failure,1462,Bank_19,0.034159813496486904
Size-weighted failure,1463,Bank_01,0.2297705054473075
Size-weighted failure,1464,Bank_04,0.25567572444338144
Size-weighted failure,1465,Bank_02,0.28049715681577897
Size-weighted failure,1466,Bank_04,0.25567572444338144
Size-weighted failure,1467,Bank_03,0.27165350518050047
Size-weighted failure,1468,Bank_02,0.28049715681577897
Size-weighted failure,1469,Bank_04,0.25567572444338144
Size-weighted failure,1470,Bank_02,0.28049715681577897
Size-weighted failure,1471,Bank_04,0.25567572444338144
Size-weighted failure,1472,Bank_05,0.25524124537161796
Size-weighted failure,1473,Bank_02,0.28049715681577897
Size-weighted failure,1474,Bank_16,0.033807221312953356
Size-weighted failure,1475,Bank_04,0.25567572444338144
Size-weighted failure,1476,Bank_11,0.0399801622024546
Size-weighted failure,1477,Bank_05,0.25524124537161796
Size-weighted failure,1478,Bank_05,0.25524124537161796
Size-weighted failure,1479,Bank_05,0.25524124537161796
Size-weighted failure,1480,Bank_14,0.044543718812041
Size-weighted failure,1481,Bank_05,0.25524124537161796
Size-weighted failure,1482,Bank_02,0.28049715681577897
Size-weighted failure,1483,Bank_01,0.2297705054473075
Size-weighted failure,1484,Bank_05,0.25524124537161796
Size-weighted failure,1485,Bank_01,0.2297705054473075
Size-weighted failure,1486,Bank_02,0.28049715681577897
Size-weighted failure,1487,Bank_01,0.2297705054473075
Size-weighted failure,1488,Bank_04,0.25567572444338144
Size-weighted failure,1489,Bank_02,0.28049715681577897
Size-weighted failure,1490,Bank_05,0.25524124537161796
Size-weighted failure,1491,Bank_09,0.02054558688146143
Size-weighted failure,1492,Bank_11,0.0399801622024546
Size-weighted failure,1493,Bank_03,0.27165350518050047
Size-weighted failure,1494,Bank_04,0.25567572444338144
Size-weighted failure,1495,Bank_04,0.25567572444338144
Size-weighted failure,1496,Bank_04,0.25567572444338144
Size-weighted failure,1497,Bank_05,0.25524124537161796
Size-weighted failure,1498,Bank_02,0.28049715681577897
Size-weighted failure,1499,Bank_19,0.034159813496486904
Size-weighted failure,1500,Bank_01,0.2297705054473075
Size-weighted failure,1501,Bank_12,0.049847926664306985
Size-weighted failure,1502,Bank_04,0.25567572444338144
Size-weighted failure,1503,Bank_02,0.28049715681577897
Size-weighted failure,1504,Bank_06,0.03452446330244111
Size-weighted failure,1505,Bank_01,0.2297705054473075
Size-weighted failure,1506,Bank_08,0.031372847122408294
Size-weighted failure,1507,Bank_04,0.25567572444338144
Size-weighted failure,1508,Bank_01,0.2297705054473075
Size-weighted failure,1509,Bank_01,0.2297705054473075
Size-weighted failure,1510,Bank_06,0.03452446330244111
Size-weighted failure,1511,Bank_03,0.27165350518050047
Size-weighted failure,1512,Bank_14,0.044543718812041
Size-weighted failure,1513,Bank_07,0.03246194484470445
Size-weighted failure,1514,Bank_05,0.25524124537161796
Size-weighted failure,1515,Bank_02,0.28049715681577897
Size-weighted failure,1516,Bank_05,0.25524124537161796
Size-weighted failure,1517,Bank_17,0.03785880409508039
Size-weighted failure,1518,Bank_01,0.2297705054473075
Size-weighted failure,1519,Bank_03,0.27165350518050047
Size-weighted failure,1520,Bank_02,0.28049715681577897
Size-weighted failure,1521,Bank_03,0.27165350518050047
Size-weighted failure,1522,Bank_06,0.03452446330244111
Size-weighted failure,1523,Bank_04,0.25567572444338144
Size-weighted failure,1524,Bank_04,0.25567572444338144
Size-weighted failure,1525,Bank_03,0.27165350518050047
Size-weighted failure,1526,Bank_02,0.28049715681577897
Size-weighted failure,1527,Bank_02,0.28049715681577897
Size-weighted failure,1528,Bank_13,0.0321075807694755
Size-weighted failure,1529,Bank_05,0.25524124537161796
Size-weighted failure,1530,Bank_03,0.27165350518050047
Size-weighted failure,1531,Bank_08,0.031372847122408294
Size-weighted failure,1532,Bank_01,0.2297705054473075
Size-weighted failure,1533,Bank_02,0.28049715681577897
Size-weighted failure,1534,Bank_02,0.28049715681577897
Size-weighted failure,1535,Bank_20,0.03774535768745524
Size-weighted failure,1536,Bank_05,0.25524124537161796
Size-weighted failure,1537,Bank_05,0.25524124537161796
Size-weighted failure,1538,Bank_01,0.2297705054473075
Size-weighted failure,1539,Bank_02,0.28049715681577897
Size-weighted failure,1540,Bank_05,0.25524124537161796
Size-weighted failure,1541,Bank_03,0.27165350518050047
Size-weighted failure,1542,Bank_16,0.033807221312953356
Size-weighted failure,1543,Bank_07,0.03246194484470445
Size-weighted failure,1544,Bank_03,0.27165350518050047
Size-weighted failure,1545,Bank_06,0.03452446330244111
Size-weighted failure,1546,Bank_19,0.034159813496486904
Size-weighted failure,1547,Bank_04,0.25567572444338144
Size-weighted failure,1548,Bank_05,0.25524124537161796
Size-weighted failure,1549,Bank_16,0.033807221312953356
Size-weighted failure,1550,Bank_02,0.28049715681577897
Size-weighted failure,1551,Bank_14,0.044543718812041
Size-weighted failure,1552,Bank_01,0.2297705054473075
Size-weighted failure,1553,Bank_05,0.25524124537161796
Size-weighted failure,1554,Bank_08,0.031372847122408294
Size-weighted failure,1555,Bank_05,0.25524124537161796
Size-weighted failure,1556,Bank_04,0.25567572444338144
Size-weighted failure,1557,Bank_05,0.25524124537161796
Size-weighted failure,1558,Bank_02,0.28049715681577897
Size-weighted failure,1559,Bank_02,0.28049715681577897
Size-weighted failure,1560,Bank_02,0.28049715681577897
Size-weighted failure,1561,Bank_05,0.25524124537161796
Size-weighted failure,1562,Bank_03,0.27165350518050047
Size-weighted failure,1563,Bank_02,0.28049715681577897
Size-weighted failure,1564,Bank_14,0.044543718812041
Size-weighted failure,1565,Bank_03,0.27165350518050047
Size-weighted failure,1566,Bank_03,0.27165350518050047
Size-weighted failure,1567,Bank_03,0.27165350518050047
Size-weighted failure,1568,Bank_02,0.28049715681577897
Size-weighted failure,1569,Bank_05,0.25524124537161796
Size-weighted failure,1570,Bank_03,0.27165350518050047
Size-weighted failure,1571,Bank_01,0.2297705054473075
Size-weighted failure,1572,Bank_19,0.034159813496486904
Size-weighted failure,1573,Bank_11,0.0399801622024546
Size-weighted failure,1574,Bank_05,0.25524124537161796
Size-weighted failure,1575,Bank_13,0.0321075807694755
Size-weighted failure,1576,Bank_15,0.04479492221037007
Size-weighted failure,1577,Bank_03,0.27165350518050047
Size-weighted failure,1578,Bank_05,0.25524124537161796
Size-weighted failure,1579,Bank_05,0.25524124537161796
Size-weighted failure,1580,Bank_02,0.28049715681577897
Size-weighted failure,1581,Bank_02,0.28049715681577897
Size-weighted failure,1582,Bank_02,0.28049715681577897
Size-weighted failure,1583,Bank_05,0.25524124537161796
Size-weighted failure,1584,Bank_08,0.031372847122408294
Size-weighted failure,1585,Bank_06,0.03452446330244111
Size-weighted failure,1586,Bank_03,0.27165350518050047
Size-weighted failure,1587,Bank_02,0.28049715681577897
Size-weighted failure,1588,Bank_04,0.25567572444338144
Size-weighted failure,1589,Bank_04,0.25567572444338144
Size-weighted failure,1590,Bank_16,0.033807221312953356
Size-weighted failure,1591,Bank_14,0.044543718812041
Size-weighted failure,1592,Bank_16,0.033807221312953356
Size-weighted failure,1593,Bank_12,0.049847926664306985
Size-weighted failure,1594,Bank_19,0.034159813496486904
Size-weighted failure,1595,Bank_04,0.25567572444338144
Size-weighted failure,1596,Bank_01,0.2297705054473075
Size-weighted failure,1597,Bank_01,0.2297705054473075
Size-weighted failure,1598,Bank_03,0.27165350518050047
Size-weighted failure,1599,Bank_02,0.28049715681577897
Size-weighted failure,1600,Bank_02,0.28049715681577897
Size-weighted failure,1601,Bank_18,0.02025102804080488
Size-weighted failure,1602,Bank_02,0.28049715681577897
Size-weighted failure,1603,Bank_18,0.02025102804080488
Size-weighted failure,1604,Bank_06,0.03452446330244111
Size-weighted failure,1605,Bank_05,0.25524124537161796
Size-weighted failure,1606,Bank_05,0.25524124537161796
Size-weighted failure,1607,Bank_03,0.27165350518050047
Size-weighted failure,1608,Bank_05,0.25524124537161796
Size-weighted failure,1609,Bank_02,0.28049715681577897
Size-weighted failure,1610,Bank_17,0.03785880409508039
Size-weighted failure,1611,Bank_03,0.27165350518050047
Size-weighted failure,1612,Bank_02,0.28049715681577897
Size-weighted failure,1613,Bank_05,0.25524124537161796
Size-weighted failure,1614,Bank_05,0.25524124537161796
Size-weighted failure,1615,Bank_04,0.25567572444338144
Size-weighted failure,1616,Bank_05,0.25524124537161796
Size-weighted failure,1617,Bank_02,0.28049715681577897
Size-weighted failure,1618,Bank_05,0.25524124537161796
Size-weighted failure,1619,Bank_02,0.28049715681577897
Size-weighted failure,1620,Bank_02,0.28049715681577897
Size-weighted failure,1621,Bank_02,0.28049715681577897
Size-weighted failure,1622,Bank_03,0.27165350518050047
Size-weighted failure,1623,Bank_03,0.27165350518050047
Size-weighted failure,1624,Bank_04,0.25567572444338144
Size-weighted failure,1625,Bank_02,0.28049715681577897
Size-weighted failure,1626,Bank_02,0.28049715681577897
Size-weighted failure,1627,Bank_04,0.25567572444338144
Size-weighted failure,1628,Bank_02,0.28049715681577897
Size-weighted failure,1629,Bank_05,0.25524124537161796
Size-weighted failure,1630,Bank_17,0.03785880409508039
Size-weighted failure,1631,Bank_03,0.27165350518050047
Size-weighted failure,1632,Bank_15,0.04479492221037007
Size-weighted failure,1633,Bank_01,0.2297705054473075
Size-weighted failure,1634,Bank_01,0.2297705054473075
Size-weighted failure,1635,Bank_05,0.25524124537161796
Size-weighted failure,1636,Bank_06,0.03452446330244111
Size-weighted failure,1637,Bank_12,0.049847926664306985
Size-weighted failure,1638,Bank_01,0.2297705054473075
Size-weighted failure,1639,Bank_08,0.031372847122408294
Size-weighted failure,1640,Bank_03,0.27165350518050047
Size-weighted failure,1641,Bank_03,0.27165350518050047
Size-weighted failure,1642,Bank_02,0.28049715681577897
Size-weighted failure,1643,Bank_20,0.03774535768745524
Size-weighted failure,1644,Bank_01,0.2297705054473075
Size-weighted failure,1645,Bank_12,0.049847926664306985
Size-weighted failure,1646,Bank_05,0.25524124537161796
Size-weighted failure,1647,Bank_05,0.25524124537161796
Size-weighted failure,1648,Bank_05,0.25524124537161796
Size-weighted failure,1649,Bank_13,0.0321075807694755
Size-weighted failure,1650,Bank_02,0.28049715681577897
Size-weighted failure,1651,Bank_01,0.2297705054473075
Size-weighted failure,1652,Bank_05,0.25524124537161796
Size-weighted failure,1653,Bank_03,0.27165350518050047
Size-weighted failure,1654,Bank_02,0.28049715681577897
Size-weighted failure,1655,Bank_02,0.28049715681577897
Size-weighted failure,1656,Bank_03,0.27165350518050047
Size-weighted failure,1657,Bank_01,0.2297705054473075
Size-weighted failure,1658,Bank_01,0.2297705054473075
Size-weighted failure,1659,Bank_16,0.033807221312953356
Size-weighted failure,1660,Bank_03,0.27165350518050047
Size-weighted failure,1661,Bank_19,0.034159813496486904
Size-weighted failure,1662,Bank_19,0.034159813496486904
Size-weighted failure,1663,Bank_02,0.28049715681577897
Size-weighted failure,1664,Bank_05,0.25524124537161796
Size-weighted failure,1665,Bank_05,0.25524124537161796
Size-weighted failure,1666,Bank_05,0.25524124537161796
Size-weighted failure,1667,Bank_01,0.2297705054473075
Size-weighted failure,1668,Bank_02,0.28049715681577897
Size-weighted failure,1669,Bank_01,0.2297705054473075
Size-weighted failure,1670,Bank_05,0.25524124537161796
Size-weighted failure,1671,Bank_20,0.03774535768745524
Size-weighted failure,1672,Bank_05,0.25524124537161796
Size-weighted failure,1673,Bank_05,0.25524124537161796
Size-weighted failure,1674,Bank_19,0.034159813496486904
Size-weighted failure,1675,Bank_05,0.25524124537161796
Size-weighted failure,1676,Bank_01,0.2297705054473075
Size-weighted failure,1677,Bank_13,0.0321075807694755
Size-weighted failure,1678,Bank_03,0.27165350518050047
Size-weighted failure,1679,Bank_01,0.2297705054473075
Size-weighted failure,1680,Bank_04,0.25567572444338144
Size-weighted failure,1681,Bank_17,0.03785880409508039
Size-weighted failure,1682,Bank_02,0.28049715681577897
Size-weighted failure,1683,Bank_04,0.25567572444338144
Size-weighted failure,1684,Bank_02,0.28049715681577897
Size-weighted failure,1685,Bank_01,0.2297705054473075
Size-weighted failure,1686,Bank_01,0.2297705054473075
Size-weighted failure,1687,Bank_05,0.25524124537161796
Size-weighted failure,1688,Bank_13,0.0321075807694755
Size-weighted failure,1689,Bank_02,0.28049715681577897
Size-weighted failure,1690,Bank_03,0.27165350518050047
Size-weighted failure,1691,Bank_02,0.28049715681577897
Size-weighted failure,1692,Bank_01,0.2297705054473075
Size-weighted failure,1693,Bank_04,0.25567572444338144
Size-weighted failure,1694,Bank_05,0.25524124537161796
Size-weighted failure,1695,Bank_05,0.25524124537161796
Size-weighted failure,1696,Bank_03,0.27165350518050047
Size-weighted failure,1697,Bank_04,0.25567572444338144
Size-weighted failure,1698,Bank_01,0.2297705054473075
Size-weighted failure,1699,Bank_02,0.28049715681577897
Size-weighted failure,1700,Bank_16,0.033807221312953356
Size-weighted failure,1701,Bank_06,0.03452446330244111
Size-weighted failure,1702,Bank_16,0.033807221312953356
Size-weighted failure,1703,Bank_16,0.033807221312953356
Size-weighted failure,1704,Bank_05,0.25524124537161796
Size-weighted failure,1705,Bank_16,0.033807221312953356
Size-weighted failure,1706,Bank_03,0.27165350518050047
Size-weighted failure,1707,Bank_01,0.2297705054473075
Size-weighted failure,1708,Bank_01,0.2297705054473075
Size-weighted failure,1709,Bank_01,0.2297705054473075
Size-weighted failure,1710,Bank_01,0.2297705054473075
Size-weighted failure,1711,Bank_03,0.27165350518050047
Size-weighted failure,1712,Bank_05,0.25524124537161796
Size-weighted failure,1713,Bank_09,0.02054558688146143
Size-weighted failure,1714,Bank_04,0.25567572444338144
Size-weighted failure,1715,Bank_02,0.28049715681577897
Size-weighted failure,1716,Bank_06,0.03452446330244111
Size-weighted failure,1717,Bank_03,0.27165350518050047
Size-weighted failure,1718,Bank_01,0.2297705054473075
Size-weighted failure,1719,Bank_02,0.28049715681577897
Size-weighted failure,1720,Bank_03,0.27165350518050047
Size-weighted failure,1721,Bank_02,0.28049715681577897
Size-weighted failure,1722,Bank_11,0.0399801622024546
Size-weighted failure,1723,Bank_06,0.03452446330244111
Size-weighted failure,1724,Bank_05,0.25524124537161796
Size-weighted failure,1725,Bank_02,0.28049715681577897
Size-weighted failure,1726,Bank_10,0.03080520063691546
Size-weighted failure,1727,Bank_05,0.25524124537161796
Size-weighted failure,1728,Bank_02,0.28049715681577897
Size-weighted failure,1729,Bank_05,0.25524124537161796
Size-weighted failure,1730,Bank_04,0.25567572444338144
Size-weighted failure,1731,Bank_03,0.27165350518050047
Size-weighted failure,1732,Bank_01,0.2297705054473075
Size-weighted failure,1733,Bank_04,0.25567572444338144
Size-weighted failure,1734,Bank_01,0.2297705054473075
Size-weighted failure,1735,Bank_02,0.28049715681577897
Size-weighted failure,1736,Bank_02,0.28049715681577897
Size-weighted failure,1737,Bank_18,0.02025102804080488
Size-weighted failure,1738,Bank_02,0.28049715681577897
Size-weighted failure,1739,Bank_03,0.27165350518050047
Size-weighted failure,1740,Bank_03,0.27165350518050047
Size-weighted failure,1741,Bank_15,0.04479492221037007
Size-weighted failure,1742,Bank_04,0.25567572444338144
Size-weighted failure,1743,Bank_16,0.033807221312953356
Size-weighted failure,1744,Bank_03,0.27165350518050047
Size-weighted failure,1745,Bank_02,0.28049715681577897
Size-weighted failure,1746,Bank_04,0.25567572444338144
Size-weighted failure,1747,Bank_03,0.27165350518050047
Size-weighted failure,1748,Bank_10,0.03080520063691546
Size-weighted failure,1749,Bank_14,0.044543718812041
Size-weighted failure,1750,Bank_04,0.25567572444338144
Size-weighted failure,1751,Bank_19,0.034159813496486904
Size-weighted failure,1752,Bank_04,0.25567572444338144
Size-weighted failure,1753,Bank_02,0.28049715681577897
Size-weighted failure,1754,Bank_04,0.25567572444338144
Size-weighted failure,1755,Bank_01,0.2297705054473075
Size-weighted failure,1756,Bank_10,0.03080520063691546
Size-weighted failure,1757,Bank_01,0.2297705054473075
Size-weighted failure,1758,Bank_03,0.27165350518050047
Size-weighted failure,1759,Bank_04,0.25567572444338144
Size-weighted failure,1760,Bank_01,0.2297705054473075
Size-weighted failure,1761,Bank_01,0.2297705054473075
Size-weighted failure,1762,Bank_05,0.25524124537161796
Size-weighted failure,1763,Bank_01,0.2297705054473075
Size-weighted failure,1764,Bank_04,0.25567572444338144
Size-weighted failure,1765,Bank_03,0.27165350518050047
Size-weighted failure,1766,Bank_02,0.28049715681577897
Size-weighted failure,1767,Bank_02,0.28049715681577897
Size-weighted failure,1768,Bank_07,0.03246194484470445
Size-weighted failure,1769,Bank_17,0.03785880409508039
Size-weighted failure,1770,Bank_02,0.28049715681577897
Size-weighted failure,1771,Bank_18,0.02025102804080488
Size-weighted failure,1772,Bank_04,0.25567572444338144
Size-weighted failure,1773,Bank_05,0.25524124537161796
Size-weighted failure,1774,Bank_05,0.25524124537161796
Size-weighted failure,1775,Bank_05,0.25524124537161796
Size-weighted failure,1776,Bank_11,0.0399801622024546
Size-weighted failure,1777,Bank_04,0.25567572444338144
Size-weighted failure,1778,Bank_04,0.25567572444338144
Size-weighted failure,1779,Bank_03,0.27165350518050047
Size-weighted failure,1780,Bank_01,0.2297705054473075
Size-weighted failure,1781,Bank_05,0.25524124537161796
Size-weighted failure,1782,Bank_01,0.2297705054473075
Size-weighted failure,1783,Bank_02,0.28049715681577897
Size-weighted failure,1784,Bank_01,0.2297705054473075
Size-weighted failure,1785,Bank_02,0.28049715681577897
Size-weighted failure,1786,Bank_05,0.25524124537161796
Size-weighted failure,1787,Bank_05,0.25524124537161796
Size-weighted failure,1788,Bank_03,0.27165350518050047
Size-weighted failure,1789,Bank_01,0.2297705054473075
Size-weighted failure,1790,Bank_03,0.27165350518050047
Size-weighted failure,1791,Bank_03,0.27165350518050047
Size-weighted failure,1792,Bank_05,0.25524124537161796
Size-weighted failure,1793,Bank_04,0.25567572444338144
Size-weighted failure,1794,Bank_04,0.25567572444338144
Size-weighted failure,1795,Bank_04,0.25567572444338144
Size-weighted failure,1796,Bank_19,0.034159813496486904
Size-weighted failure,1797,Bank_06,0.03452446330244111
Size-weighted failure,1798,Bank_04,0.25567572444338144
Size-weighted failure,1799,Bank_04,0.25567572444338144
Size-weighted failure,1800,Bank_01,0.2297705054473075
Size-weighted failure,1801,Bank_17,0.03785880409508039
Size-weighted failure,1802,Bank_03,0.27165350518050047
Size-weighted failure,1803,Bank_02,0.28049715681577897
Size-weighted failure,1804,Bank_20,0.03774535768745524
Size-weighted failure,1805,Bank_05,0.25524124537161796
Size-weighted failure,1806,Bank_01,0.2297705054473075
Size-weighted failure,1807,Bank_01,0.2297705054473075
Size-weighted failure,1808,Bank_01,0.2297705054473075
Size-weighted failure,1809,Bank_05,0.25524124537161796
Size-weighted failure,1810,Bank_01,0.2297705054473075
Size-weighted failure,1811,Bank_16,0.033807221312953356
Size-weighted failure,1812,Bank_17,0.03785880409508039
Size-weighted failure,1813,Bank_04,0.25567572444338144
Size-weighted failure,1814,Bank_05,0.25524124537161796
Size-weighted failure,1815,Bank_03,0.27165350518050047
Size-weighted failure,1816,Bank_01,0.2297705054473075
Size-weighted failure,1817,Bank_05,0.25524124537161796
Size-weighted failure,1818,Bank_01,0.2297705054473075
Size-weighted failure,1819,Bank_01,0.2297705054473075
Size-weighted failure,1820,Bank_03,0.27165350518050047
Size-weighted failure,1821,Bank_01,0.2297705054473075
Size-weighted failure,1822,Bank_03,0.27165350518050047
Size-weighted failure,1823,Bank_05,0.25524124537161796
Size-weighted failure,1824,Bank_10,0.03080520063691546
Size-weighted failure,1825,Bank_05,0.25524124537161796
Size-weighted failure,1826,Bank_12,0.049847926664306985
Size-weighted failure,1827,Bank_03,0.27165350518050047
Size-weighted failure,1828,Bank_12,0.049847926664306985
Size-weighted failure,1829,Bank_04,0.25567572444338144
Size-weighted failure,1830,Bank_02,0.28049715681577897
Size-weighted failure,1831,Bank_17,0.03785880409508039
Size-weighted failure,1832,Bank_02,0.28049715681577897
Size-weighted failure,1833,Bank_01,0.2297705054473075
Size-weighted failure,1834,Bank_02,0.28049715681577897
Size-weighted failure,1835,Bank_03,0.27165350518050047
Size-weighted failure,1836,Bank_03,0.27165350518050047
Size-weighted failure,1837,Bank_04,0.25567572444338144
Size-weighted failure,1838,Bank_14,0.044543718812041
Size-weighted failure,1839,Bank_03,0.27165350518050047
Size-weighted failure,1840,Bank_04,0.25567572444338144
Size-weighted failure,1841,Bank_03,0.27165350518050047
Size-weighted failure,1842,Bank_11,0.0399801622024546
Size-weighted failure,1843,Bank_02,0.28049715681577897
Size-weighted failure,1844,Bank_01,0.2297705054473075
Size-weighted failure,1845,Bank_04,0.25567572444338144
Size-weighted failure,1846,Bank_05,0.25524124537161796
Size-weighted failure,1847,Bank_09,0.02054558688146143
Size-weighted failure,1848,Bank_04,0.25567572444338144
Size-weighted failure,1849,Bank_08,0.031372847122408294
Size-weighted failure,1850,Bank_03,0.27165350518050047
Size-weighted failure,1851,Bank_01,0.2297705054473075
Size-weighted failure,1852,Bank_02,0.28049715681577897
Size-weighted failure,1853,Bank_01,0.2297705054473075
Size-weighted failure,1854,Bank_03,0.27165350518050047
Size-weighted failure,1855,Bank_04,0.25567572444338144
Size-weighted failure,1856,Bank_03,0.27165350518050047
Size-weighted failure,1857,Bank_04,0.25567572444338144
Size-weighted failure,1858,Bank_04,0.25567572444338144
Size-weighted failure,1859,Bank_05,0.25524124537161796
Size-weighted failure,1860,Bank_05,0.25524124537161796
Size-weighted failure,1861,Bank_03,0.27165350518050047
Size-weighted failure,1862,Bank_03,0.27165350518050047
Size-weighted failure,1863,Bank_04,0.25567572444338144
Size-weighted failure,1864,Bank_05,0.25524124537161796
Size-weighted failure,1865,Bank_03,0.27165350518050047
Size-weighted failure,1866,Bank_03,0.27165350518050047
Size-weighted failure,1867,Bank_05,0.25524124537161796
Size-weighted failure,1868,Bank_05,0.25524124537161796
Size-weighted failure,1869,Bank_02,0.28049715681577897
Size-weighted failure,1870,Bank_03,0.27165350518050047
Size-weighted failure,1871,Bank_14,0.044543718812041
Size-weighted failure,1872,Bank_01,0.2297705054473075
Size-weighted failure,1873,Bank_13,0.0321075807694755
Size-weighted failure,1874,Bank_02,0.28049715681577897
Size-weighted failure,1875,Bank_04,0.25567572444338144
Size-weighted failure,1876,Bank_03,0.27165350518050047
Size-weighted failure,1877,Bank_01,0.2297705054473075
Size-weighted failure,1878,Bank_16,0.033807221312953356
Size-weighted failure,1879,Bank_04,0.25567572444338144
Size-weighted failure,1880,Bank_18,0.02025102804080488
Size-weighted failure,1881,Bank_02,0.28049715681577897
Size-weighted failure,1882,Bank_13,0.0321075807694755
Size-weighted failure,1883,Bank_16,0.033807221312953356
Size-weighted failure,1884,Bank_04,0.25567572444338144
Size-weighted failure,1885,Bank_02,0.28049715681577897
Size-weighted failure,1886,Bank_05,0.25524124537161796
Size-weighted failure,1887,Bank_04,0.25567572444338144
Size-weighted failure,1888,Bank_17,0.03785880409508039
Size-weighted failure,1889,Bank_03,0.27165350518050047
Size-weighted failure,1890,Bank_02,0.28049715681577897
Size-weighted failure,1891,Bank_02,0.28049715681577897
Size-weighted failure,1892,Bank_05,0.25524124537161796
Size-weighted failure,1893,Bank_19,0.034159813496486904
Size-weighted failure,1894,Bank_01,0.2297705054473075
Size-weighted failure,1895,Bank_06,0.03452446330244111
Size-weighted failure,1896,Bank_16,0.033807221312953356
Size-weighted failure,1897,Bank_01,0.2297705054473075
Size-weighted failure,1898,Bank_01,0.2297705054473075
Size-weighted failure,1899,Bank_05,0.25524124537161796
Size-weighted failure,1900,Bank_05,0.25524124537161796
Size-weighted failure,1901,Bank_01,0.2297705054473075
Size-weighted failure,1902,Bank_12,0.049847926664306985
Size-weighted failure,1903,Bank_04,0.25567572444338144
Size-weighted failure,1904,Bank_15,0.04479492221037007
Size-weighted failure,1905,Bank_14,0.044543718812041
Size-weighted failure,1906,Bank_11,0.0399801622024546
Size-weighted failure,1907,Bank_04,0.25567572444338144
Size-weighted failure,1908,Bank_02,0.28049715681577897
Size-weighted failure,1909,Bank_04,0.25567572444338144
Size-weighted failure,1910,Bank_01,0.2297705054473075
Size-weighted failure,1911,Bank_05,0.25524124537161796
Size-weighted failure,1912,Bank_02,0.28049715681577897
Size-weighted failure,1913,Bank_04,0.25567572444338144
Size-weighted failure,1914,Bank_01,0.2297705054473075
Size-weighted failure,1915,Bank_03,0.27165350518050047
Size-weighted failure,1916,Bank_02,0.28049715681577897
Size-weighted failure,1917,Bank_05,0.25524124537161796
Size-weighted failure,1918,Bank_08,0.031372847122408294
Size-weighted failure,1919,Bank_01,0.2297705054473075
Size-weighted failure,1920,Bank_12,0.049847926664306985
Size-weighted failure,1921,Bank_13,0.0321075807694755
Size-weighted failure,1922,Bank_03,0.27165350518050047
Size-weighted failure,1923,Bank_05,0.25524124537161796
Size-weighted failure,1924,Bank_03,0.27165350518050047
Size-weighted failure,1925,Bank_02,0.28049715681577897
Size-weighted failure,1926,Bank_04,0.25567572444338144
Size-weighted failure,1927,Bank_01,0.2297705054473075
Size-weighted failure,1928,Bank_14,0.044543718812041
Size-weighted failure,1929,Bank_16,0.033807221312953356
Size-weighted failure,1930,Bank_11,0.0399801622024546
Size-weighted failure,1931,Bank_04,0.25567572444338144
Size-weighted failure,1932,Bank_04,0.25567572444338144
Size-weighted failure,1933,Bank_19,0.034159813496486904
Size-weighted failure,1934,Bank_02,0.28049715681577897
Size-weighted failure,1935,Bank_01,0.2297705054473075
Size-weighted failure,1936,Bank_04,0.25567572444338144
Size-weighted failure,1937,Bank_03,0.27165350518050047
Size-weighted failure,1938,Bank_03,0.27165350518050047
Size-weighted failure,1939,Bank_01,0.2297705054473075
Size-weighted failure,1940,Bank_05,0.25524124537161796
Size-weighted failure,1941,Bank_02,0.28049715681577897
Size-weighted failure,1942,Bank_02,0.28049715681577897
Size-weighted failure,1943,Bank_01,0.2297705054473075
Size-weighted failure,1944,Bank_03,0.27165350518050047
Size-weighted failure,1945,Bank_14,0.044543718812041
Size-weighted failure,1946,Bank_03,0.27165350518050047
Size-weighted failure,1947,Bank_05,0.25524124537161796
Size-weighted failure,1948,Bank_06,0.03452446330244111
Size-weighted failure,1949,Bank_03,0.27165350518050047
Size-weighted failure,1950,Bank_11,0.0399801622024546
Size-weighted failure,1951,Bank_05,0.25524124537161796
Size-weighted failure,1952,Bank_04,0.25567572444338144
Size-weighted failure,1953,Bank_01,0.2297705054473075
Size-weighted failure,1954,Bank_01,0.2297705054473075
Size-weighted failure,1955,Bank_20,0.03774535768745524
Size-weighted failure,1956,Bank_08,0.031372847122408294
Size-weighted failure,1957,Bank_17,0.03785880409508039
Size-weighted failure,1958,Bank_15,0.04479492221037007
Size-weighted failure,1959,Bank_01,0.2297705054473075
Size-weighted failure,1960,Bank_09,0.02054558688146143
Size-weighted failure,1961,Bank_04,0.25567572444338144
Size-weighted failure,1962,Bank_08,0.031372847122408294
Size-weighted failure,1963,Bank_01,0.2297705054473075
Size-weighted failure,1964,Bank_03,0.27165350518050047
Size-weighted failure,1965,Bank_06,0.03452446330244111
Size-weighted failure,1966,Bank_09,0.02054558688146143
Size-weighted failure,1967,Bank_05,0.25524124537161796
Size-weighted failure,1968,Bank_03,0.27165350518050047
Size-weighted failure,1969,Bank_03,0.27165350518050047
Size-weighted failure,1970,Bank_19,0.034159813496486904
Size-weighted failure,1971,Bank_03,0.27165350518050047
Size-weighted failure,1972,Bank_03,0.27165350518050047
Size-weighted failure,1973,Bank_04,0.25567572444338144
Size-weighted failure,1974,Bank_03,0.27165350518050047
Size-weighted failure,1975,Bank_04,0.25567572444338144
Size-weighted failure,1976,Bank_03,0.27165350518050047
Size-weighted failure,1977,Bank_12,0.049847926664306985
Size-weighted failure,1978,Bank_15,0.04479492221037007
Size-weighted failure,1979,Bank_16,0.033807221312953356
Size-weighted failure,1980,Bank_04,0.25567572444338144
Size-weighted failure,1981,Bank_03,0.27165350518050047
Size-weighted failure,1982,Bank_05,0.25524124537161796
Size-weighted failure,1983,Bank_12,0.049847926664306985
Size-weighted failure,1984,Bank_04,0.25567572444338144
Size-weighted failure,1985,Bank_05,0.25524124537161796
Size-weighted failure,1986,Bank_06,0.03452446330244111
Size-weighted failure,1987,Bank_05,0.25524124537161796
Size-weighted failure,1988,Bank_06,0.03452446330244111
Size-weighted failure,1989,Bank_02,0.28049715681577897
Size-weighted failure,1990,Bank_04,0.25567572444338144
Size-weighted failure,1991,Bank_04,0.25567572444338144
Size-weighted failure,1992,Bank_01,0.2297705054473075
Size-weighted failure,1993,Bank_13,0.0321075807694755
Size-weighted failure,1994,Bank_05,0.25524124537161796
Size-weighted failure,1995,Bank_02,0.28049715681577897
Size-weighted failure,1996,Bank_11,0.0399801622024546
Size-weighted failure,1997,Bank_05,0.25524124537161796
Size-weighted failure,1998,Bank_06,0.03452446330244111
Size-weighted failure,1999,Bank_03,0.27165350518050047
Size-weighted failure,2000,Bank_13,0.0321075807694755
Size-weighted failure,2001,Bank_03,0.27165350518050047
Size-weighted failure,2002,Bank_04,0.25567572444338144
Size-weighted failure,2003,Bank_01,0.2297705054473075
Size-weighted failure,2004,Bank_05,0.25524124537161796
Size-weighted failure,2005,Bank_05,0.25524124537161796
Size-weighted failure,2006,Bank_04,0.25567572444338144
Size-weighted failure,2007,Bank_04,0.25567572444338144
Size-weighted failure,2008,Bank_11,0.0399801622024546
Size-weighted failure,2009,Bank_05,0.25524124537161796
Size-weighted failure,2010,Bank_02,0.28049715681577897
Size-weighted failure,2011,Bank_18,0.02025102804080488
Size-weighted failure,2012,Bank_05,0.25524124537161796
Size-weighted failure,2013,Bank_20,0.03774535768745524
Size-weighted failure,2014,Bank_19,0.034159813496486904
Size-weighted failure,2015,Bank_16,0.033807221312953356
Size-weighted failure,2016,Bank_06,0.03452446330244111
Size-weighted failure,2017,Bank_05,0.25524124537161796
Size-weighted failure,2018,Bank_02,0.28049715681577897
Size-weighted failure,2019,Bank_04,0.25567572444338144
Size-weighted failure,2020,Bank_07,0.03246194484470445
Size-weighted failure,2021,Bank_04,0.25567572444338144
Size-weighted failure,2022,Bank_13,0.0321075807694755
Size-weighted failure,2023,Bank_01,0.2297705054473075
Size-weighted failure,2024,Bank_03,0.27165350518050047
Size-weighted failure,2025,Bank_04,0.25567572444338144
Size-weighted failure,2026,Bank_03,0.27165350518050047
Size-weighted failure,2027,Bank_01,0.2297705054473075
Size-weighted failure,2028,Bank_02,0.28049715681577897
Size-weighted failure,2029,Bank_12,0.049847926664306985
Size-weighted failure,2030,Bank_04,0.25567572444338144
Size-weighted failure,2031,Bank_01,0.2297705054473075
Size-weighted failure,2032,Bank_01,0.2297705054473075
Size-weighted failure,2033,Bank_04,0.25567572444338144
Size-weighted failure,2034,Bank_02,0.28049715681577897
Size-weighted failure,2035,Bank_05,0.25524124537161796
Size-weighted failure,2036,Bank_09,0.02054558688146143
Size-weighted failure,2037,Bank_02,0.28049715681577897
Size-weighted failure,2038,Bank_04,0.25567572444338144
Size-weighted failure,2039,Bank_02,0.28049715681577897
Size-weighted failure,2040,Bank_03,0.27165350518050047
Size-weighted failure,2041,Bank_14,0.044543718812041
Size-weighted failure,2042,Bank_04,0.25567572444338144
Size-weighted failure,2043,Bank_14,0.044543718812041
Size-weighted failure,2044,Bank_02,0.28049715681577897
Size-weighted failure,2045,Bank_03,0.27165350518050047
Size-weighted failure,2046,Bank_04,0.25567572444338144
Size-weighted failure,2047,Bank_04,0.25567572444338144
Size-weighted failure,2048,Bank_20,0.03774535768745524
Size-weighted failure,2049,Bank_02,0.28049715681577897
Size-weighted failure,2050,Bank_13,0.0321075807694755
Size-weighted failure,2051,Bank_13,0.0321075807694755
Size-weighted failure,2052,Bank_04,0.25567572444338144
Size-weighted failure,2053,Bank_03,0.27165350518050047
Size-weighted failure,2054,Bank_04,0.25567572444338144
Size-weighted failure,2055,Bank_03,0.27165350518050047
Size-weighted failure,2056,Bank_09,0.02054558688146143
Size-weighted failure,2057,Bank_04,0.25567572444338144
Size-weighted failure,2058,Bank_16,0.033807221312953356
Size-weighted failure,2059,Bank_05,0.25524124537161796
Size-weighted failure,2060,Bank_04,0.25567572444338144
Size-weighted failure,2061,Bank_05,0.25524124537161796
Size-weighted failure,2062,Bank_04,0.25567572444338144
Size-weighted failure,2063,Bank_15,0.04479492221037007
Size-weighted failure,2064,Bank_02,0.28049715681577897
Size-weighted failure,2065,Bank_19,0.034159813496486904
Size-weighted failure,2066,Bank_11,0.0399801622024546
Size-weighted failure,2067,Bank_13,0.0321075807694755
Size-weighted failure,2068,Bank_04,0.25567572444338144
Size-weighted failure,2069,Bank_12,0.049847926664306985
Size-weighted failure,2070,Bank_03,0.27165350518050047
Size-weighted failure,2071,Bank_06,0.03452446330244111
Size-weighted failure,2072,Bank_02,0.28049715681577897
Size-weighted failure,2073,Bank_03,0.27165350518050047
Size-weighted failure,2074,Bank_03,0.27165350518050047
Size-weighted failure,2075,Bank_03,0.27165350518050047
Size-weighted failure,2076,Bank_03,0.27165350518050047
Size-weighted failure,2077,Bank_11,0.0399801622024546
Size-weighted failure,2078,Bank_02,0.28049715681577897
Size-weighted failure,2079,Bank_06,0.03452446330244111
Size-weighted failure,2080,Bank_01,0.2297705054473075
Size-weighted failure,2081,Bank_07,0.03246194484470445
Size-weighted failure,2082,Bank_09,0.02054558688146143
Size-weighted failure,2083,Bank_03,0.27165350518050047
Size-weighted failure,2084,Bank_05,0.25524124537161796
Size-weighted failure,2085,Bank_16,0.033807221312953356
Size-weighted failure,2086,Bank_09,0.02054558688146143
Size-weighted failure,2087,Bank_03,0.27165350518050047
Size-weighted failure,2088,Bank_04,0.25567572444338144
Size-weighted failure,2089,Bank_08,0.031372847122408294
Size-weighted failure,2090,Bank_03,0.27165350518050047
Size-weighted failure,2091,Bank_10,0.03080520063691546
Size-weighted failure,2092,Bank_03,0.27165350518050047
Size-weighted failure,2093,Bank_10,0.03080520063691546
Size-weighted failure,2094,Bank_01,0.2297705054473075
Size-weighted failure,2095,Bank_01,0.2297705054473075
Size-weighted failure,2096,Bank_20,0.03774535768745524
Size-weighted failure,2097,Bank_13,0.0321075807694755
Size-weighted failure,2098,Bank_14,0.044543718812041
Size-weighted failure,2099,Bank_17,0.03785880409508039
Size-weighted failure,2100,Bank_03,0.27165350518050047
Size-weighted failure,2101,Bank_02,0.28049715681577897
Size-weighted failure,2102,Bank_02,0.28049715681577897
Size-weighted failure,2103,Bank_04,0.25567572444338144
Size-weighted failure,2104,Bank_02,0.28049715681577897
Size-weighted failure,2105,Bank_16,0.033807221312953356
Size-weighted failure,2106,Bank_01,0.2297705054473075
Size-weighted failure,2107,Bank_02,0.28049715681577897
Size-weighted failure,2108,Bank_02,0.28049715681577897
Size-weighted failure,2109,Bank_02,0.28049715681577897
Size-weighted failure,2110,Bank_02,0.28049715681577897
Size-weighted failure,2111,Bank_05,0.25524124537161796
Size-weighted failure,2112,Bank_03,0.27165350518050047
Size-weighted failure,2113,Bank_05,0.25524124537161796
Size-weighted failure,2114,Bank_14,0.044543718812041
Size-weighted failure,2115,Bank_05,0.25524124537161796
Size-weighted failure,2116,Bank_05,0.25524124537161796
Size-weighted failure,2117,Bank_03,0.27165350518050047
Size-weighted failure,2118,Bank_02,0.28049715681577897
Size-weighted failure,2119,Bank_03,0.27165350518050047
Size-weighted failure,2120,Bank_19,0.034159813496486904
Size-weighted failure,2121,Bank_05,0.25524124537161796
Size-weighted failure,2122,Bank_02,0.28049715681577897
Size-weighted failure,2123,Bank_03,0.27165350518050047
Size-weighted failure,2124,Bank_12,0.049847926664306985
Size-weighted failure,2125,Bank_05,0.25524124537161796
Size-weighted failure,2126,Bank_04,0.25567572444338144
Size-weighted failure,2127,Bank_14,0.044543718812041
Size-weighted failure,2128,Bank_05,0.25524124537161796
Size-weighted failure,2129,Bank_05,0.25524124537161796
Size-weighted failure,2130,Bank_02,0.28049715681577897
Size-weighted failure,2131,Bank_01,0.2297705054473075
Size-weighted failure,2132,Bank_19,0.034159813496486904
Size-weighted failure,2133,Bank_05,0.25524124537161796
Size-weighted failure,2134,Bank_03,0.27165350518050047
Size-weighted failure,2135,Bank_04,0.25567572444338144
Size-weighted failure,2136,Bank_01,0.2297705054473075
Size-weighted failure,2137,Bank_11,0.0399801622024546
Size-weighted failure,2138,Bank_02,0.28049715681577897
Size-weighted failure,2139,Bank_10,0.03080520063691546
Size-weighted failure,2140,Bank_04,0.25567572444338144
Size-weighted failure,2141,Bank_02,0.28049715681577897
Size-weighted failure,2142,Bank_01,0.2297705054473075
Size-weighted failure,2143,Bank_11,0.0399801622024546
Size-weighted failure,2144,Bank_02,0.28049715681577897
Size-weighted failure,2145,Bank_01,0.2297705054473075
Size-weighted failure,2146,Bank_06,0.03452446330244111
Size-weighted failure,2147,Bank_03,0.27165350518050047
Size-weighted failure,2148,Bank_03,0.27165350518050047
Size-weighted failure,2149,Bank_02,0.28049715681577897
Size-weighted failure,2150,Bank_13,0.0321075807694755
Size-weighted failure,2151,Bank_03,0.27165350518050047
Size-weighted failure,2152,Bank_02,0.28049715681577897
Size-weighted failure,2153,Bank_03,0.27165350518050047
Size-weighted failure,2154,Bank_02,0.28049715681577897
Size-weighted failure,2155,Bank_03,0.27165350518050047
Size-weighted failure,2156,Bank_01,0.2297705054473075
Size-weighted failure,2157,Bank_02,0.28049715681577897
Size-weighted failure,2158,Bank_03,0.27165350518050047
Size-weighted failure,2159,Bank_14,0.044543718812041
Size-weighted failure,2160,Bank_01,0.2297705054473075
Size-weighted failure,2161,Bank_02,0.28049715681577897
Size-weighted failure,2162,Bank_15,0.04479492221037007
Size-weighted failure,2163,Bank_14,0.044543718812041
Size-weighted failure,2164,Bank_05,0.25524124537161796
Size-weighted failure,2165,Bank_02,0.28049715681577897
Size-weighted failure,2166,Bank_03,0.27165350518050047
Size-weighted failure,2167,Bank_02,0.28049715681577897
Size-weighted failure,2168,Bank_02,0.28049715681577897
Size-weighted failure,2169,Bank_03,0.27165350518050047
Size-weighted failure,2170,Bank_04,0.25567572444338144
Size-weighted failure,2171,Bank_03,0.27165350518050047
Size-weighted failure,2172,Bank_05,0.25524124537161796
Size-weighted failure,2173,Bank_03,0.27165350518050047
Size-weighted failure,2174,Bank_03,0.27165350518050047
Size-weighted failure,2175,Bank_09,0.02054558688146143
Size-weighted failure,2176,Bank_14,0.044543718812041
Size-weighted failure,2177,Bank_03,0.27165350518050047
Size-weighted failure,2178,Bank_04,0.25567572444338144
Size-weighted failure,2179,Bank_02,0.28049715681577897
Size-weighted failure,2180,Bank_01,0.2297705054473075
Size-weighted failure,2181,Bank_05,0.25524124537161796
Size-weighted failure,2182,Bank_02,0.28049715681577897
Size-weighted failure,2183,Bank_03,0.27165350518050047
Size-weighted failure,2184,Bank_04,0.25567572444338144
Size-weighted failure,2185,Bank_02,0.28049715681577897
Size-weighted failure,2186,Bank_01,0.2297705054473075
Size-weighted failure,2187,Bank_03,0.27165350518050047
Size-weighted failure,2188,Bank_17,0.03785880409508039
Size-weighted failure,2189,Bank_05,0.25524124537161796
Size-weighted failure,2190,Bank_03,0.27165350518050047
Size-weighted failure,2191,Bank_01,0.2297705054473075
Size-weighted failure,2192,Bank_05,0.25524124537161796
Size-weighted failure,2193,Bank_01,0.2297705054473075
Size-weighted failure,2194,Bank_04,0.25567572444338144
Size-weighted failure,2195,Bank_06,0.03452446330244111
Size-weighted failure,2196,Bank_03,0.27165350518050047
Size-weighted failure,2197,Bank_03,0.27165350518050047
Size-weighted failure,2198,Bank_01,0.2297705054473075
Size-weighted failure,2199,Bank_01,0.2297705054473075
Size-weighted failure,2200,Bank_03,0.27165350518050047
Size-weighted failure,2201,Bank_14,0.044543718812041
Size-weighted failure,2202,Bank_02,0.28049715681577897
Size-weighted failure,2203,Bank_04,0.25567572444338144
Size-weighted failure,2204,Bank_05,0.25524124537161796
Size-weighted failure,2205,Bank_01,0.2297705054473075
Size-weighted failure,2206,Bank_02,0.28049715681577897
Size-weighted failure,2207,Bank_03,0.27165350518050047
Size-weighted failure,2208,Bank_05,0.25524124537161796
Size-weighted failure,2209,Bank_03,0.27165350518050047
Size-weighted failure,2210,Bank_05,0.25524124537161796
Size-weighted failure,2211,Bank_13,0.0321075807694755
Size-weighted failure,2212,Bank_06,0.03452446330244111
Size-weighted failure,2213,Bank_20,0.03774535768745524
Size-weighted failure,2214,Bank_06,0.03452446330244111
Size-weighted failure,2215,Bank_13,0.0321075807694755
Size-weighted failure,2216,Bank_12,0.049847926664306985
Size-weighted failure,2217,Bank_05,0.25524124537161796
Size-weighted failure,2218,Bank_10,0.03080520063691546
Size-weighted failure,2219,Bank_16,0.033807221312953356
Size-weighted failure,2220,Bank_04,0.25567572444338144
Size-weighted failure,2221,Bank_05,0.25524124537161796
Size-weighted failure,2222,Bank_04,0.25567572444338144
Size-weighted failure,2223,Bank_12,0.049847926664306985
Size-weighted failure,2224,Bank_03,0.27165350518050047
Size-weighted failure,2225,Bank_11,0.0399801622024546
Size-weighted failure,2226,Bank_09,0.02054558688146143
Size-weighted failure,2227,Bank_19,0.034159813496486904
Size-weighted failure,2228,Bank_02,0.28049715681577897
Size-weighted failure,2229,Bank_05,0.25524124537161796
Size-weighted failure,2230,Bank_06,0.03452446330244111
Size-weighted failure,2231,Bank_17,0.03785880409508039
Size-weighted failure,2232,Bank_15,0.04479492221037007
Size-weighted failure,2233,Bank_04,0.25567572444338144
Size-weighted failure,2234,Bank_04,0.25567572444338144
Size-weighted failure,2235,Bank_02,0.28049715681577897
Size-weighted failure,2236,Bank_19,0.034159813496486904
Size-weighted failure,2237,Bank_02,0.28049715681577897
Size-weighted failure,2238,Bank_05,0.25524124537161796
Size-weighted failure,2239,Bank_09,0.02054558688146143
Size-weighted failure,2240,Bank_03,0.27165350518050047
Size-weighted failure,2241,Bank_02,0.28049715681577897
Size-weighted failure,2242,Bank_02,0.28049715681577897
Size-weighted failure,2243,Bank_13,0.0321075807694755
Size-weighted failure,2244,Bank_04,0.25567572444338144
Size-weighted failure,2245,Bank_01,0.2297705054473075
Size-weighted failure,2246,Bank_05,0.25524124537161796
Size-weighted failure,2247,Bank_02,0.28049715681577897
Size-weighted failure,2248,Bank_14,0.044543718812041
Size-weighted failure,2249,Bank_03,0.27165350518050047
Size-weighted failure,2250,Bank_02,0.28049715681577897
Size-weighted failure,2251,Bank_01,0.2297705054473075
Size-weighted failure,2252,Bank_04,0.25567572444338144
Size-weighted failure,2253,Bank_03,0.27165350518050047
Size-weighted failure,2254,Bank_06,0.03452446330244111
Size-weighted failure,2255,Bank_04,0.25567572444338144
Size-weighted failure,2256,Bank_03,0.27165350518050047
Size-weighted failure,2257,Bank_02,0.28049715681577897
Size-weighted failure,2258,Bank_02,0.28049715681577897
Size-weighted failure,2259,Bank_16,0.033807221312953356
Size-weighted failure,2260,Bank_02,0.28049715681577897
Size-weighted failure,2261,Bank_20,0.03774535768745524
Size-weighted failure,2262,Bank_03,0.27165350518050047
Size-weighted failure,2263,Bank_01,0.2297705054473075
Size-weighted failure,2264,Bank_02,0.28049715681577897
Size-weighted failure,2265,Bank_01,0.2297705054473075
Size-weighted failure,2266,Bank_08,0.031372847122408294
Size-weighted failure,2267,Bank_04,0.25567572444338144
Size-weighted failure,2268,Bank_03,0.27165350518050047
Size-weighted failure,2269,Bank_05,0.25524124537161796
Size-weighted failure,2270,Bank_05,0.25524124537161796
Size-weighted failure,2271,Bank_17,0.03785880409508039
Size-weighted failure,2272,Bank_18,0.02025102804080488
Size-weighted failure,2273,Bank_05,0.25524124537161796
Size-weighted failure,2274,Bank_11,0.0399801622024546
Size-weighted failure,2275,Bank_09,0.02054558688146143
Size-weighted failure,2276,Bank_04,0.25567572444338144
Size-weighted failure,2277,Bank_05,0.25524124537161796
Size-weighted failure,2278,Bank_01,0.2297705054473075
Size-weighted failure,2279,Bank_06,0.03452446330244111
Size-weighted failure,2280,Bank_19,0.034159813496486904
Size-weighted failure,2281,Bank_01,0.2297705054473075
Size-weighted failure,2282,Bank_12,0.049847926664306985
Size-weighted failure,2283,Bank_16,0.033807221312953356
Size-weighted failure,2284,Bank_02,0.28049715681577897
Size-weighted failure,2285,Bank_04,0.25567572444338144
Size-weighted failure,2286,Bank_16,0.033807221312953356
Size-weighted failure,2287,Bank_18,0.02025102804080488
Size-weighted failure,2288,Bank_02,0.28049715681577897
Size-weighted failure,2289,Bank_03,0.27165350518050047
Size-weighted failure,2290,Bank_05,0.25524124537161796
Size-weighted failure,2291,Bank_02,0.28049715681577897
Size-weighted failure,2292,Bank_03,0.27165350518050047
Size-weighted failure,2293,Bank_01,0.2297705054473075
Size-weighted failure,2294,Bank_02,0.28049715681577897
Size-weighted failure,2295,Bank_04,0.25567572444338144
Size-weighted failure,2296,Bank_05,0.25524124537161796
Size-weighted failure,2297,Bank_05,0.25524124537161796
Size-weighted failure,2298,Bank_08,0.031372847122408294
Size-weighted failure,2299,Bank_03,0.27165350518050047
Size-weighted failure,2300,Bank_02,0.28049715681577897
Size-weighted failure,2301,Bank_01,0.2297705054473075
Size-weighted failure,2302,Bank_02,0.28049715681577897
Size-weighted failure,2303,Bank_03,0.27165350518050047
Size-weighted failure,2304,Bank_02,0.28049715681577897
Size-weighted failure,2305,Bank_01,0.2297705054473075
Size-weighted failure,2306,Bank_02,0.28049715681577897
Size-weighted failure,2307,Bank_05,0.25524124537161796
Size-weighted failure,2308,Bank_05,0.25524124537161796
Size-weighted failure,2309,Bank_16,0.033807221312953356
Size-weighted failure,2310,Bank_09,0.02054558688146143
Size-weighted failure,2311,Bank_04,0.25567572444338144
Size-weighted failure,2312,Bank_02,0.28049715681577897
Size-weighted failure,2313,Bank_04,0.25567572444338144
Size-weighted failure,2314,Bank_01,0.2297705054473075
Size-weighted failure,2315,Bank_03,0.27165350518050047
Size-weighted failure,2316,Bank_03,0.27165350518050047
Size-weighted failure,2317,Bank_03,0.27165350518050047
Size-weighted failure,2318,Bank_02,0.28049715681577897
Size-weighted failure,2319,Bank_05,0.25524124537161796
Size-weighted failure,2320,Bank_12,0.049847926664306985
Size-weighted failure,2321,Bank_07,0.03246194484470445
Size-weighted failure,2322,Bank_05,0.25524124537161796
Size-weighted failure,2323,Bank_04,0.25567572444338144
Size-weighted failure,2324,Bank_01,0.2297705054473075
Size-weighted failure,2325,Bank_05,0.25524124537161796
Size-weighted failure,2326,Bank_04,0.25567572444338144
Size-weighted failure,2327,Bank_02,0.28049715681577897
Size-weighted failure,2328,Bank_03,0.27165350518050047
Size-weighted failure,2329,Bank_16,0.033807221312953356
Size-weighted failure,2330,Bank_05,0.25524124537161796
Size-weighted failure,2331,Bank_04,0.25567572444338144
Size-weighted failure,2332,Bank_05,0.25524124537161796
Size-weighted failure,2333,Bank_03,0.27165350518050047
Size-weighted failure,2334,Bank_04,0.25567572444338144
Size-weighted failure,2335,Bank_03,0.27165350518050047
Size-weighted failure,2336,Bank_03,0.27165350518050047
Size-weighted failure,2337,Bank_05,0.25524124537161796
Size-weighted failure,2338,Bank_01,0.2297705054473075
Size-weighted failure,2339,Bank_09,0.02054558688146143
Size-weighted failure,2340,Bank_02,0.28049715681577897
Size-weighted failure,2341,Bank_05,0.25524124537161796
Size-weighted failure,2342,Bank_05,0.25524124537161796
Size-weighted failure,2343,Bank_05,0.25524124537161796
Size-weighted failure,2344,Bank_05,0.25524124537161796
Size-weighted failure,2345,Bank_18,0.02025102804080488
Size-weighted failure,2346,Bank_04,0.25567572444338144
Size-weighted failure,2347,Bank_05,0.25524124537161796
Size-weighted failure,2348,Bank_05,0.25524124537161796
Size-weighted failure,2349,Bank_02,0.28049715681577897
Size-weighted failure,2350,Bank_02,0.28049715681577897
Size-weighted failure,2351,Bank_03,0.27165350518050047
Size-weighted failure,2352,Bank_02,0.28049715681577897
Size-weighted failure,2353,Bank_03,0.27165350518050047
Size-weighted failure,2354,Bank_03,0.27165350518050047
Size-weighted failure,2355,Bank_05,0.25524124537161796
Size-weighted failure,2356,Bank_02,0.28049715681577897
Size-weighted failure,2357,Bank_10,0.03080520063691546
Size-weighted failure,2358,Bank_03,0.27165350518050047
Size-weighted failure,2359,Bank_05,0.25524124537161796
Size-weighted failure,2360,Bank_01,0.2297705054473075
Size-weighted failure,2361,Bank_04,0.25567572444338144
Size-weighted failure,2362,Bank_01,0.2297705054473075
Size-weighted failure,2363,Bank_05,0.25524124537161796
Size-weighted failure,2364,Bank_03,0.27165350518050047
Size-weighted failure,2365,Bank_17,0.03785880409508039
Size-weighted failure,2366,Bank_03,0.27165350518050047
Size-weighted failure,2367,Bank_04,0.25567572444338144
Size-weighted failure,2368,Bank_02,0.28049715681577897
Size-weighted failure,2369,Bank_05,0.25524124537161796
Size-weighted failure,2370,Bank_04,0.25567572444338144
Size-weighted failure,2371,Bank_03,0.27165350518050047
Size-weighted failure,2372,Bank_02,0.28049715681577897
Size-weighted failure,2373,Bank_01,0.2297705054473075
Size-weighted failure,2374,Bank_02,0.28049715681577897
Size-weighted failure,2375,Bank_20,0.03774535768745524
Size-weighted failure,2376,Bank_03,0.27165350518050047
Size-weighted failure,2377,Bank_01,0.2297705054473075
Size-weighted failure,2378,Bank_18,0.02025102804080488
Size-weighted failure,2379,Bank_01,0.2297705054473075
Size-weighted failure,2380,Bank_03,0.27165350518050047
Size-weighted failure,2381,Bank_05,0.25524124537161796
Size-weighted failure,2382,Bank_16,0.033807221312953356
Size-weighted failure,2383,Bank_05,0.25524124537161796
Size-weighted failure,2384,Bank_04,0.25567572444338144
Size-weighted failure,2385,Bank_19,0.034159813496486904
Size-weighted failure,2386,Bank_01,0.2297705054473075
Size-weighted failure,2387,Bank_20,0.03774535768745524
Size-weighted failure,2388,Bank_12,0.049847926664306985
Size-weighted failure,2389,Bank_16,0.033807221312953356
Size-weighted failure,2390,Bank_02,0.28049715681577897
Size-weighted failure,2391,Bank_02,0.28049715681577897
Size-weighted failure,2392,Bank_05,0.25524124537161796
Size-weighted failure,2393,Bank_04,0.25567572444338144
Size-weighted failure,2394,Bank_04,0.25567572444338144
Size-weighted failure,2395,Bank_16,0.033807221312953356
Size-weighted failure,2396,Bank_05,0.25524124537161796
Size-weighted failure,2397,Bank_03,0.27165350518050047
Size-weighted failure,2398,Bank_03,0.27165350518050047
Size-weighted failure,2399,Bank_02,0.28049715681577897
Size-weighted failure,2400,Bank_02,0.28049715681577897
Size-weighted failure,2401,Bank_02,0.28049715681577897
Size-weighted failure,2402,Bank_11,0.0399801622024546
Size-weighted failure,2403,Bank_05,0.25524124537161796
Size-weighted failure,2404,Bank_04,0.25567572444338144
Size-weighted failure,2405,Bank_03,0.27165350518050047
Size-weighted failure,2406,Bank_05,0.25524124537161796
Size-weighted failure,2407,Bank_11,0.0399801622024546
Size-weighted failure,2408,Bank_14,0.044543718812041
Size-weighted failure,2409,Bank_04,0.25567572444338144
Size-weighted failure,2410,Bank_11,0.0399801622024546
Size-weighted failure,2411,Bank_04,0.25567572444338144
Size-weighted failure,2412,Bank_04,0.25567572444338144
Size-weighted failure,2413,Bank_13,0.0321075807694755
Size-weighted failure,2414,Bank_03,0.27165350518050047
Size-weighted failure,2415,Bank_03,0.27165350518050047
Size-weighted failure,2416,Bank_03,0.27165350518050047
Size-weighted failure,2417,Bank_04,0.25567572444338144
Size-weighted failure,2418,Bank_04,0.25567572444338144
Size-weighted failure,2419,Bank_05,0.25524124537161796
Size-weighted failure,2420,Bank_03,0.27165350518050047
Size-weighted failure,2421,Bank_02,0.28049715681577897
Size-weighted failure,2422,Bank_13,0.0321075807694755
Size-weighted failure,2423,Bank_03,0.27165350518050047
Size-weighted failure,2424,Bank_16,0.033807221312953356
Size-weighted failure,2425,Bank_02,0.28049715681577897
Size-weighted failure,2426,Bank_04,0.25567572444338144
Size-weighted failure,2427,Bank_04,0.25567572444338144
Size-weighted failure,2428,Bank_12,0.049847926664306985
Size-weighted failure,2429,Bank_02,0.28049715681577897
Size-weighted failure,2430,Bank_15,0.04479492221037007
Size-weighted failure,2431,Bank_04,0.25567572444338144
Size-weighted failure,2432,Bank_04,0.25567572444338144
Size-weighted failure,2433,Bank_04,0.25567572444338144
Size-weighted failure,2434,Bank_01,0.2297705054473075
Size-weighted failure,2435,Bank_04,0.25567572444338144
Size-weighted failure,2436,Bank_02,0.28049715681577897
Size-weighted failure,2437,Bank_03,0.27165350518050047
Size-weighted failure,2438,Bank_05,0.25524124537161796
Size-weighted failure,2439,Bank_04,0.25567572444338144
Size-weighted failure,2440,Bank_01,0.2297705054473075
Size-weighted failure,2441,Bank_01,0.2297705054473075
Size-weighted failure,2442,Bank_02,0.28049715681577897
Size-weighted failure,2443,Bank_02,0.28049715681577897
Size-weighted failure,2444,Bank_05,0.25524124537161796
Size-weighted failure,2445,Bank_02,0.28049715681577897
Size-weighted failure,2446,Bank_14,0.044543718812041
Size-weighted failure,2447,Bank_02,0.28049715681577897
Size-weighted failure,2448,Bank_01,0.2297705054473075
Size-weighted failure,2449,Bank_14,0.044543718812041
Size-weighted failure,2450,Bank_03,0.27165350518050047
Size-weighted failure,2451,Bank_03,0.27165350518050047
Size-weighted failure,2452,Bank_18,0.02025102804080488
Size-weighted failure,2453,Bank_17,0.03785880409508039
Size-weighted failure,2454,Bank_05,0.25524124537161796
Size-weighted failure,2455,Bank_01,0.2297705054473075
Size-weighted failure,2456,Bank_04,0.25567572444338144
Size-weighted failure,2457,Bank_20,0.03774535768745524
Size-weighted failure,2458,Bank_17,0.03785880409508039
Size-weighted failure,2459,Bank_01,0.2297705054473075
Size-weighted failure,2460,Bank_03,0.27165350518050047
Size-weighted failure,2461,Bank_03,0.27165350518050047
Size-weighted failure,2462,Bank_02,0.28049715681577897
Size-weighted failure,2463,Bank_05,0.25524124537161796
Size-weighted failure,2464,Bank_02,0.28049715681577897
Size-weighted failure,2465,Bank_03,0.27165350518050047
Size-weighted failure,2466,Bank_01,0.2297705054473075
Size-weighted failure,2467,Bank_04,0.25567572444338144
Size-weighted failure,2468,Bank_02,0.28049715681577897
Size-weighted failure,2469,Bank_03,0.27165350518050047
Size-weighted failure,2470,Bank_02,0.28049715681577897
Size-weighted failure,2471,Bank_18,0.02025102804080488
Size-weighted failure,2472,Bank_02,0.28049715681577897
Size-weighted failure,2473,Bank_04,0.25567572444338144
Size-weighted failure,2474,Bank_02,0.28049715681577897
Size-weighted failure,2475,Bank_01,0.2297705054473075
Size-weighted failure,2476,Bank_02,0.28049715681577897
Size-weighted failure,2477,Bank_01,0.2297705054473075
Size-weighted failure,2478,Bank_02,0.28049715681577897
Size-weighted failure,2479,Bank_04,0.25567572444338144
Size-weighted failure,2480,Bank_05,0.25524124537161796
Size-weighted failure,2481,Bank_01,0.2297705054473075
Size-weighted failure,2482,Bank_03,0.27165350518050047
Size-weighted failure,2483,Bank_04,0.25567572444338144
Size-weighted failure,2484,Bank_02,0.28049715681577897
Size-weighted failure,2485,Bank_03,0.27165350518050047
Size-weighted failure,2486,Bank_01,0.2297705054473075
Size-weighted failure,2487,Bank_02,0.28049715681577897
Size-weighted failure,2488,Bank_04,0.25567572444338144
Size-weighted failure,2489,Bank_20,0.03774535768745524
Size-weighted failure,2490,Bank_20,0.03774535768745524
Size-weighted failure,2491,Bank_19,0.034159813496486904
Size-weighted failure,2492,Bank_03,0.27165350518050047
Size-weighted failure,2493,Bank_01,0.2297705054473075
Size-weighted failure,2494,Bank_03,0.27165350518050047
Size-weighted failure,2495,Bank_02,0.28049715681577897
Size-weighted failure,2496,Bank_01,0.2297705054473075
Size-weighted failure,2497,Bank_01,0.2297705054473075
Size-weighted failure,2498,Bank_04,0.25567572444338144
Size-weighted failure,2499,Bank_03,0.27165350518050047
Size-weighted failure,2500,Bank_02,0.28049715681577897
Size-weighted failure,2501,Bank_05,0.25524124537161796
Size-weighted failure,2502,Bank_03,0.27165350518050047
Size-weighted failure,2503,Bank_13,0.0321075807694755
Size-weighted failure,2504,Bank_02,0.28049715681577897
Size-weighted failure,2505,Bank_04,0.25567572444338144
Size-weighted failure,2506,Bank_02,0.28049715681577897
Size-weighted failure,2507,Bank_04,0.25567572444338144
Size-weighted failure,2508,Bank_02,0.28049715681577897
Size-weighted failure,2509,Bank_02,0.28049715681577897
Size-weighted failure,2510,Bank_05,0.25524124537161796
Size-weighted failure,2511,Bank_02,0.28049715681577897
Size-weighted failure,2512,Bank_02,0.28049715681577897
Size-weighted failure,2513,Bank_16,0.033807221312953356
Size-weighted failure,2514,Bank_01,0.2297705054473075
Size-weighted failure,2515,Bank_04,0.25567572444338144
Size-weighted failure,2516,Bank_04,0.25567572444338144
Size-weighted failure,2517,Bank_02,0.28049715681577897
Size-weighted failure,2518,Bank_04,0.25567572444338144
Size-weighted failure,2519,Bank_01,0.2297705054473075
Size-weighted failure,2520,Bank_05,0.25524124537161796
Size-weighted failure,2521,Bank_02,0.28049715681577897
Size-weighted failure,2522,Bank_02,0.28049715681577897
Size-weighted failure,2523,Bank_03,0.27165350518050047
Size-weighted failure,2524,Bank_15,0.04479492221037007
Size-weighted failure,2525,Bank_09,0.02054558688146143
Size-weighted failure,2526,Bank_17,0.03785880409508039
Size-weighted failure,2527,Bank_05,0.25524124537161796
Size-weighted failure,2528,Bank_05,0.25524124537161796
Size-weighted failure,2529,Bank_04,0.25567572444338144
Size-weighted failure,2530,Bank_15,0.04479492221037007
Size-weighted failure,2531,Bank_04,0.25567572444338144
Size-weighted failure,2532,Bank_03,0.27165350518050047
Size-weighted failure,2533,Bank_05,0.25524124537161796
Size-weighted failure,2534,Bank_04,0.25567572444338144
Size-weighted failure,2535,Bank_02,0.28049715681577897
Size-weighted failure,2536,Bank_03,0.27165350518050047
Size-weighted failure,2537,Bank_03,0.27165350518050047
Size-weighted failure,2538,Bank_12,0.049847926664306985
Size-weighted failure,2539,Bank_03,0.27165350518050047
Size-weighted failure,2540,Bank_11,0.0399801622024546
Size-weighted failure,2541,Bank_03,0.27165350518050047
Size-weighted failure,2542,Bank_06,0.03452446330244111
Size-weighted failure,2543,Bank_02,0.28049715681577897
Size-weighted failure,2544,Bank_16,0.033807221312953356
Size-weighted failure,2545,Bank_04,0.25567572444338144
Size-weighted failure,2546,Bank_02,0.28049715681577897
Size-weighted failure,2547,Bank_02,0.28049715681577897
Size-weighted failure,2548,Bank_02,0.28049715681577897
Size-weighted failure,2549,Bank_03,0.27165350518050047
Size-weighted failure,2550,Bank_05,0.25524124537161796
Size-weighted failure,2551,Bank_17,0.03785880409508039
Size-weighted failure,2552,Bank_05,0.25524124537161796
Size-weighted failure,2553,Bank_04,0.25567572444338144
Size-weighted failure,2554,Bank_03,0.27165350518050047
Size-weighted failure,2555,Bank_12,0.049847926664306985
Size-weighted failure,2556,Bank_12,0.049847926664306985
Size-weighted failure,2557,Bank_03,0.27165350518050047
Size-weighted failure,2558,Bank_18,0.02025102804080488
Size-weighted failure,2559,Bank_03,0.27165350518050047
Size-weighted failure,2560,Bank_09,0.02054558688146143
Size-weighted failure,2561,Bank_19,0.034159813496486904
Size-weighted failure,2562,Bank_05,0.25524124537161796
Size-weighted failure,2563,Bank_02,0.28049715681577897
Size-weighted failure,2564,Bank_04,0.25567572444338144
Size-weighted failure,2565,Bank_02,0.28049715681577897
Size-weighted failure,2566,Bank_08,0.031372847122408294
Size-weighted failure,2567,Bank_02,0.28049715681577897
Size-weighted failure,2568,Bank_05,0.25524124537161796
Size-weighted failure,2569,Bank_15,0.04479492221037007
Size-weighted failure,2570,Bank_02,0.28049715681577897
Size-weighted failure,2571,Bank_03,0.27165350518050047
Size-weighted failure,2572,Bank_05,0.25524124537161796
Size-weighted failure,2573,Bank_03,0.27165350518050047
Size-weighted failure,2574,Bank_02,0.28049715681577897
Size-weighted failure,2575,Bank_01,0.2297705054473075
Size-weighted failure,2576,Bank_03,0.27165350518050047
Size-weighted failure,2577,Bank_05,0.25524124537161796
Size-weighted failure,2578,Bank_04,0.25567572444338144
Size-weighted failure,2579,Bank_02,0.28049715681577897
Size-weighted failure,2580,Bank_03,0.27165350518050047
Size-weighted failure,2581,Bank_03,0.27165350518050047
Size-weighted failure,2582,Bank_02,0.28049715681577897
Size-weighted failure,2583,Bank_05,0.25524124537161796
Size-weighted failure,2584,Bank_03,0.27165350518050047
Size-weighted failure,2585,Bank_04,0.25567572444338144
Size-weighted failure,2586,Bank_16,0.033807221312953356
Size-weighted failure,2587,Bank_04,0.25567572444338144
Size-weighted failure,2588,Bank_05,0.25524124537161796
Size-weighted failure,2589,Bank_01,0.2297705054473075
Size-weighted failure,2590,Bank_02,0.28049715681577897
Size-weighted failure,2591,Bank_01,0.2297705054473075
Size-weighted failure,2592,Bank_07,0.03246194484470445
Size-weighted failure,2593,Bank_12,0.049847926664306985
Size-weighted failure,2594,Bank_02,0.28049715681577897
Size-weighted failure,2595,Bank_02,0.28049715681577897
Size-weighted failure,2596,Bank_03,0.27165350518050047
Size-weighted failure,2597,Bank_04,0.25567572444338144
Size-weighted failure,2598,Bank_05,0.25524124537161796
Size-weighted failure,2599,Bank_05,0.25524124537161796
Size-weighted failure,2600,Bank_15,0.04479492221037007
Size-weighted failure,2601,Bank_03,0.27165350518050047
Size-weighted failure,2602,Bank_05,0.25524124537161796
Size-weighted failure,2603,Bank_04,0.25567572444338144
Size-weighted failure,2604,Bank_03,0.27165350518050047
Size-weighted failure,2605,Bank_15,0.04479492221037007
Size-weighted failure,2606,Bank_01,0.2297705054473075
Size-weighted failure,2607,Bank_05,0.25524124537161796
Size-weighted failure,2608,Bank_05,0.25524124537161796
Size-weighted failure,2609,Bank_16,0.033807221312953356
Size-weighted failure,2610,Bank_04,0.25567572444338144
Size-weighted failure,2611,Bank_03,0.27165350518050047
Size-weighted failure,2612,Bank_12,0.049847926664306985
Size-weighted failure,2613,Bank_08,0.031372847122408294
Size-weighted failure,2614,Bank_04,0.25567572444338144
Size-weighted failure,2615,Bank_07,0.03246194484470445
Size-weighted failure,2616,Bank_02,0.28049715681577897
Size-weighted failure,2617,Bank_04,0.25567572444338144
Size-weighted failure,2618,Bank_13,0.0321075807694755
Size-weighted failure,2619,Bank_03,0.27165350518050047
Size-weighted failure,2620,Bank_04,0.25567572444338144
Size-weighted failure,2621,Bank_17,0.03785880409508039
Size-weighted failure,2622,Bank_09,0.02054558688146143
Size-weighted failure,2623,Bank_14,0.044543718812041
Size-weighted failure,2624,Bank_03,0.27165350518050047
Size-weighted failure,2625,Bank_20,0.03774535768745524
Size-weighted failure,2626,Bank_02,0.28049715681577897
Size-weighted failure,2627,Bank_04,0.25567572444338144
Size-weighted failure,2628,Bank_04,0.25567572444338144
Size-weighted failure,2629,Bank_09,0.02054558688146143
Size-weighted failure,2630,Bank_15,0.04479492221037007
Size-weighted failure,2631,Bank_05,0.25524124537161796
Size-weighted failure,2632,Bank_05,0.25524124537161796
Size-weighted failure,2633,Bank_03,0.27165350518050047
Size-weighted failure,2634,Bank_04,0.25567572444338144
Size-weighted failure,2635,Bank_04,0.25567572444338144
Size-weighted failure,2636,Bank_01,0.2297705054473075
Size-weighted failure,2637,Bank_04,0.25567572444338144
Size-weighted failure,2638,Bank_13,0.0321075807694755
Size-weighted failure,2639,Bank_05,0.25524124537161796
Size-weighted failure,2640,Bank_09,0.02054558688146143
Size-weighted failure,2641,Bank_03,0.27165350518050047
Size-weighted failure,2642,Bank_04,0.25567572444338144
Size-weighted failure,2643,Bank_01,0.2297705054473075
Size-weighted failure,2644,Bank_03,0.27165350518050047
Size-weighted failure,2645,Bank_04,0.25567572444338144
Size-weighted failure,2646,Bank_02,0.28049715681577897
Size-weighted failure,2647,Bank_01,0.2297705054473075
Size-weighted failure,2648,Bank_05,0.25524124537161796
Size-weighted failure,2649,Bank_03,0.27165350518050047
Size-weighted failure,2650,Bank_03,0.27165350518050047
Size-weighted failure,2651,Bank_02,0.28049715681577897
Size-weighted failure,2652,Bank_04,0.25567572444338144
Size-weighted failure,2653,Bank_03,0.27165350518050047
Size-weighted failure,2654,Bank_04,0.25567572444338144
Size-weighted failure,2655,Bank_04,0.25567572444338144
Size-weighted failure,2656,Bank_01,0.2297705054473075
Size-weighted failure,2657,Bank_15,0.04479492221037007
Size-weighted failure,2658,Bank_01,0.2297705054473075
Size-weighted failure,2659,Bank_04,0.25567572444338144
Size-weighted failure,2660,Bank_02,0.28049715681577897
Size-weighted failure,2661,Bank_04,0.25567572444338144
Size-weighted failure,2662,Bank_02,0.28049715681577897
Size-weighted failure,2663,Bank_13,0.0321075807694755
Size-weighted failure,2664,Bank_03,0.27165350518050047
Size-weighted failure,2665,Bank_05,0.25524124537161796
Size-weighted failure,2666,Bank_02,0.28049715681577897
Size-weighted failure,2667,Bank_01,0.2297705054473075
Size-weighted failure,2668,Bank_03,0.27165350518050047
Size-weighted failure,2669,Bank_04,0.25567572444338144
Size-weighted failure,2670,Bank_04,0.25567572444338144
Size-weighted failure,2671,Bank_19,0.034159813496486904
Size-weighted failure,2672,Bank_05,0.25524124537161796
Size-weighted failure,2673,Bank_20,0.03774535768745524
Size-weighted failure,2674,Bank_03,0.27165350518050047
Size-weighted failure,2675,Bank_08,0.031372847122408294
Size-weighted failure,2676,Bank_04,0.25567572444338144
Size-weighted failure,2677,Bank_05,0.25524124537161796
Size-weighted failure,2678,Bank_20,0.03774535768745524
Size-weighted failure,2679,Bank_05,0.25524124537161796
Size-weighted failure,2680,Bank_15,0.04479492221037007
Size-weighted failure,2681,Bank_05,0.25524124537161796
Size-weighted failure,2682,Bank_02,0.28049715681577897
Size-weighted failure,2683,Bank_05,0.25524124537161796
Size-weighted failure,2684,Bank_04,0.25567572444338144
Size-weighted failure,2685,Bank_16,0.033807221312953356
Size-weighted failure,2686,Bank_10,0.03080520063691546
Size-weighted failure,2687,Bank_01,0.2297705054473075
Size-weighted failure,2688,Bank_02,0.28049715681577897
Size-weighted failure,2689,Bank_01,0.2297705054473075
Size-weighted failure,2690,Bank_04,0.25567572444338144
Size-weighted failure,2691,Bank_01,0.2297705054473075
Size-weighted failure,2692,Bank_05,0.25524124537161796
Size-weighted failure,2693,Bank_04,0.25567572444338144
Size-weighted failure,2694,Bank_12,0.049847926664306985
Size-weighted failure,2695,Bank_02,0.28049715681577897
Size-weighted failure,2696,Bank_04,0.25567572444338144
Size-weighted failure,2697,Bank_02,0.28049715681577897
Size-weighted failure,2698,Bank_14,0.044543718812041
Size-weighted failure,2699,Bank_02,0.28049715681577897
Size-weighted failure,2700,Bank_01,0.2297705054473075
Size-weighted failure,2701,Bank_02,0.28049715681577897
Size-weighted failure,2702,Bank_10,0.03080520063691546
Size-weighted failure,2703,Bank_01,0.2297705054473075
Size-weighted failure,2704,Bank_05,0.25524124537161796
Size-weighted failure,2705,Bank_06,0.03452446330244111
Size-weighted failure,2706,Bank_06,0.03452446330244111
Size-weighted failure,2707,Bank_02,0.28049715681577897
Size-weighted failure,2708,Bank_01,0.2297705054473075
Size-weighted failure,2709,Bank_03,0.27165350518050047
Size-weighted failure,2710,Bank_02,0.28049715681577897
Size-weighted failure,2711,Bank_05,0.25524124537161796
Size-weighted failure,2712,Bank_03,0.27165350518050047
Size-weighted failure,2713,Bank_03,0.27165350518050047
Size-weighted failure,2714,Bank_02,0.28049715681577897
Size-weighted failure,2715,Bank_04,0.25567572444338144
Size-weighted failure,2716,Bank_02,0.28049715681577897
Size-weighted failure,2717,Bank_05,0.25524124537161796
Size-weighted failure,2718,Bank_01,0.2297705054473075
Size-weighted failure,2719,Bank_19,0.034159813496486904
Size-weighted failure,2720,Bank_05,0.25524124537161796
Size-weighted failure,2721,Bank_02,0.28049715681577897
Size-weighted failure,2722,Bank_01,0.2297705054473075
Size-weighted failure,2723,Bank_03,0.27165350518050047
Size-weighted failure,2724,Bank_02,0.28049715681577897
Size-weighted failure,2725,Bank_02,0.28049715681577897
Size-weighted failure,2726,Bank_14,0.044543718812041
Size-weighted failure,2727,Bank_05,0.25524124537161796
Size-weighted failure,2728,Bank_02,0.28049715681577897
Size-weighted failure,2729,Bank_04,0.25567572444338144
Size-weighted failure,2730,Bank_02,0.28049715681577897
Size-weighted failure,2731,Bank_19,0.034159813496486904
Size-weighted failure,2732,Bank_01,0.2297705054473075
Size-weighted failure,2733,Bank_05,0.25524124537161796
Size-weighted failure,2734,Bank_08,0.031372847122408294
Size-weighted failure,2735,Bank_01,0.2297705054473075
Size-weighted failure,2736,Bank_02,0.28049715681577897
Size-weighted failure,2737,Bank_03,0.27165350518050047
Size-weighted failure,2738,Bank_13,0.0321075807694755
Size-weighted failure,2739,Bank_04,0.25567572444338144
Size-weighted failure,2740,Bank_05,0.25524124537161796
Size-weighted failure,2741,Bank_08,0.031372847122408294
Size-weighted failure,2742,Bank_12,0.049847926664306985
Size-weighted failure,2743,Bank_04,0.25567572444338144
Size-weighted failure,2744,Bank_04,0.25567572444338144
Size-weighted failure,2745,Bank_05,0.25524124537161796
Size-weighted failure,2746,Bank_02,0.28049715681577897
Size-weighted failure,2747,Bank_13,0.0321075807694755
Size-weighted failure,2748,Bank_01,0.2297705054473075
Size-weighted failure,2749,Bank_02,0.28049715681577897
Size-weighted failure,2750,Bank_09,0.02054558688146143
Size-weighted failure,2751,Bank_03,0.27165350518050047
Size-weighted failure,2752,Bank_02,0.28049715681577897
Size-weighted failure,2753,Bank_02,0.28049715681577897
Size-weighted failure,2754,Bank_04,0.25567572444338144
Size-weighted failure,2755,Bank_12,0.049847926664306985
Size-weighted failure,2756,Bank_01,0.2297705054473075
Size-weighted failure,2757,Bank_01,0.2297705054473075
Size-weighted failure,2758,Bank_04,0.25567572444338144
Size-weighted failure,2759,Bank_18,0.02025102804080488
Size-weighted failure,2760,Bank_02,0.28049715681577897
Size-weighted failure,2761,Bank_18,0.02025102804080488
Size-weighted failure,2762,Bank_14,0.044543718812041
Size-weighted failure,2763,Bank_02,0.28049715681577897
Size-weighted failure,2764,Bank_11,0.0399801622024546
Size-weighted failure,2765,Bank_05,0.25524124537161796
Size-weighted failure,2766,Bank_04,0.25567572444338144
Size-weighted failure,2767,Bank_03,0.27165350518050047
Size-weighted failure,2768,Bank_11,0.0399801622024546
Size-weighted failure,2769,Bank_09,0.02054558688146143
Size-weighted failure,2770,Bank_06,0.03452446330244111
Size-weighted failure,2771,Bank_20,0.03774535768745524
Size-weighted failure,2772,Bank_04,0.25567572444338144
Size-weighted failure,2773,Bank_10,0.03080520063691546
Size-weighted failure,2774,Bank_13,0.0321075807694755
Size-weighted failure,2775,Bank_02,0.28049715681577897
Size-weighted failure,2776,Bank_01,0.2297705054473075
Size-weighted failure,2777,Bank_03,0.27165350518050047
Size-weighted failure,2778,Bank_13,0.0321075807694755
Size-weighted failure,2779,Bank_03,0.27165350518050047
Size-weighted failure,2780,Bank_05,0.25524124537161796
Size-weighted failure,2781,Bank_01,0.2297705054473075
Size-weighted failure,2782,Bank_03,0.27165350518050047
Size-weighted failure,2783,Bank_05,0.25524124537161796
Size-weighted failure,2784,Bank_02,0.28049715681577897
Size-weighted failure,2785,Bank_15,0.04479492221037007
Size-weighted failure,2786,Bank_02,0.28049715681577897
Size-weighted failure,2787,Bank_15,0.04479492221037007
Size-weighted failure,2788,Bank_02,0.28049715681577897
Size-weighted failure,2789,Bank_20,0.03774535768745524
Size-weighted failure,2790,Bank_05,0.25524124537161796
Size-weighted failure,2791,Bank_01,0.2297705054473075
Size-weighted failure,2792,Bank_01,0.2297705054473075
Size-weighted failure,2793,Bank_01,0.2297705054473075
Size-weighted failure,2794,Bank_04,0.25567572444338144
Size-weighted failure,2795,Bank_11,0.0399801622024546
Size-weighted failure,2796,Bank_03,0.27165350518050047
Size-weighted failure,2797,Bank_03,0.27165350518050047
Size-weighted failure,2798,Bank_04,0.25567572444338144
Size-weighted failure,2799,Bank_04,0.25567572444338144
Size-weighted failure,2800,Bank_05,0.25524124537161796
Size-weighted failure,2801,Bank_04,0.25567572444338144
Size-weighted failure,2802,Bank_05,0.25524124537161796
Size-weighted failure,2803,Bank_20,0.03774535768745524
Size-weighted failure,2804,Bank_03,0.27165350518050047
Size-weighted failure,2805,Bank_01,0.2297705054473075
Size-weighted failure,2806,Bank_02,0.28049715681577897
Size-weighted failure,2807,Bank_04,0.25567572444338144
Size-weighted failure,2808,Bank_03,0.27165350518050047
Size-weighted failure,2809,Bank_17,0.03785880409508039
Size-weighted failure,2810,Bank_05,0.25524124537161796
Size-weighted failure,2811,Bank_04,0.25567572444338144
Size-weighted failure,2812,Bank_09,0.02054558688146143
Size-weighted failure,2813,Bank_02,0.28049715681577897
Size-weighted failure,2814,Bank_11,0.0399801622024546
Size-weighted failure,2815,Bank_01,0.2297705054473075
Size-weighted failure,2816,Bank_05,0.25524124537161796
Size-weighted failure,2817,Bank_16,0.033807221312953356
Size-weighted failure,2818,Bank_08,0.031372847122408294
Size-weighted failure,2819,Bank_13,0.0321075807694755
Size-weighted failure,2820,Bank_03,0.27165350518050047
Size-weighted failure,2821,Bank_11,0.0399801622024546
Size-weighted failure,2822,Bank_04,0.25567572444338144
Size-weighted failure,2823,Bank_05,0.25524124537161796
Size-weighted failure,2824,Bank_01,0.2297705054473075
Size-weighted failure,2825,Bank_02,0.28049715681577897
Size-weighted failure,2826,Bank_04,0.25567572444338144
Size-weighted failure,2827,Bank_01,0.2297705054473075
Size-weighted failure,2828,Bank_06,0.03452446330244111
Size-weighted failure,2829,Bank_12,0.049847926664306985
Size-weighted failure,2830,Bank_16,0.033807221312953356
Size-weighted failure,2831,Bank_01,0.2297705054473075
Size-weighted failure,2832,Bank_17,0.03785880409508039
Size-weighted failure,2833,Bank_01,0.2297705054473075
Size-weighted failure,2834,Bank_04,0.25567572444338144
Size-weighted failure,2835,Bank_12,0.049847926664306985
Size-weighted failure,2836,Bank_01,0.2297705054473075
Size-weighted failure,2837,Bank_01,0.2297705054473075
Size-weighted failure,2838,Bank_01,0.2297705054473075
Size-weighted failure,2839,Bank_04,0.25567572444338144
Size-weighted failure,2840,Bank_11,0.0399801622024546
Size-weighted failure,2841,Bank_02,0.28049715681577897
Size-weighted failure,2842,Bank_02,0.28049715681577897
Size-weighted failure,2843,Bank_04,0.25567572444338144
Size-weighted failure,2844,Bank_02,0.28049715681577897
Size-weighted failure,2845,Bank_05,0.25524124537161796
Size-weighted failure,2846,Bank_17,0.03785880409508039
Size-weighted failure,2847,Bank_07,0.03246194484470445
Size-weighted failure,2848,Bank_14,0.044543718812041
Size-weighted failure,2849,Bank_04,0.25567572444338144
Size-weighted failure,2850,Bank_12,0.049847926664306985
Size-weighted failure,2851,Bank_02,0.28049715681577897
Size-weighted failure,2852,Bank_01,0.2297705054473075
Size-weighted failure,2853,Bank_05,0.25524124537161796
Size-weighted failure,2854,Bank_01,0.2297705054473075
Size-weighted failure,2855,Bank_14,0.044543718812041
Size-weighted failure,2856,Bank_05,0.25524124537161796
Size-weighted failure,2857,Bank_17,0.03785880409508039
Size-weighted failure,2858,Bank_03,0.27165350518050047
Size-weighted failure,2859,Bank_04,0.25567572444338144
Size-weighted failure,2860,Bank_06,0.03452446330244111
Size-weighted failure,2861,Bank_02,0.28049715681577897
Size-weighted failure,2862,Bank_04,0.25567572444338144
Size-weighted failure,2863,Bank_05,0.25524124537161796
Size-weighted failure,2864,Bank_19,0.034159813496486904
Size-weighted failure,2865,Bank_06,0.03452446330244111
Size-weighted failure,2866,Bank_02,0.28049715681577897
Size-weighted failure,2867,Bank_04,0.25567572444338144
Size-weighted failure,2868,Bank_04,0.25567572444338144
Size-weighted failure,2869,Bank_02,0.28049715681577897
Size-weighted failure,2870,Bank_03,0.27165350518050047
Size-weighted failure,2871,Bank_02,0.28049715681577897
Size-weighted failure,2872,Bank_02,0.28049715681577897
Size-weighted failure,2873,Bank_04,0.25567572444338144
Size-weighted failure,2874,Bank_02,0.28049715681577897
Size-weighted failure,2875,Bank_04,0.25567572444338144
Size-weighted failure,2876,Bank_02,0.28049715681577897
Size-weighted failure,2877,Bank_05,0.25524124537161796
Size-weighted failure,2878,Bank_02,0.28049715681577897
Size-weighted failure,2879,Bank_15,0.04479492221037007
Size-weighted failure,2880,Bank_01,0.2297705054473075
Size-weighted failure,2881,Bank_04,0.25567572444338144
Size-weighted failure,2882,Bank_03,0.27165350518050047
Size-weighted failure,2883,Bank_02,0.28049715681577897
Size-weighted failure,2884,Bank_04,0.25567572444338144
Size-weighted failure,2885,Bank_12,0.049847926664306985
Size-weighted failure,2886,Bank_16,0.033807221312953356
Size-weighted failure,2887,Bank_03,0.27165350518050047
Size-weighted failure,2888,Bank_02,0.28049715681577897
Size-weighted failure,2889,Bank_05,0.25524124537161796
Size-weighted failure,2890,Bank_04,0.25567572444338144
Size-weighted failure,2891,Bank_02,0.28049715681577897
Size-weighted failure,2892,Bank_06,0.03452446330244111
Size-weighted failure,2893,Bank_04,0.25567572444338144
Size-weighted failure,2894,Bank_05,0.25524124537161796
Size-weighted failure,2895,Bank_03,0.27165350518050047
Size-weighted failure,2896,Bank_03,0.27165350518050047
Size-weighted failure,2897,Bank_02,0.28049715681577897
Size-weighted failure,2898,Bank_06,0.03452446330244111
Size-weighted failure,2899,Bank_02,0.28049715681577897
Size-weighted failure,2900,Bank_08,0.031372847122408294
Size-weighted failure,2901,Bank_09,0.02054558688146143
Size-weighted failure,2902,Bank_06,0.03452446330244111
Size-weighted failure,2903,Bank_01,0.2297705054473075
Size-weighted failure,2904,Bank_02,0.28049715681577897
Size-weighted failure,2905,Bank_04,0.25567572444338144
Size-weighted failure,2906,Bank_05,0.25524124537161796
Size-weighted failure,2907,Bank_16,0.033807221312953356
Size-weighted failure,2908,Bank_03,0.27165350518050047
Size-weighted failure,2909,Bank_14,0.044543718812041
Size-weighted failure,2910,Bank_02,0.28049715681577897
Size-weighted failure,2911,Bank_03,0.27165350518050047
Size-weighted failure,2912,Bank_01,0.2297705054473075
Size-weighted failure,2913,Bank_06,0.03452446330244111
Size-weighted failure,2914,Bank_02,0.28049715681577897
Size-weighted failure,2915,Bank_02,0.28049715681577897
Size-weighted failure,2916,Bank_08,0.031372847122408294
Size-weighted failure,2917,Bank_04,0.25567572444338144
Size-weighted failure,2918,Bank_01,0.2297705054473075
Size-weighted failure,2919,Bank_01,0.2297705054473075
Size-weighted failure,2920,Bank_04,0.25567572444338144
Size-weighted failure,2921,Bank_03,0.27165350518050047
Size-weighted failure,2922,Bank_02,0.28049715681577897
Size-weighted failure,2923,Bank_05,0.25524124537161796
Size-weighted failure,2924,Bank_02,0.28049715681577897
Size-weighted failure,2925,Bank_04,0.25567572444338144
Size-weighted failure,2926,Bank_03,0.27165350518050047
Size-weighted failure,2927,Bank_02,0.28049715681577897
Size-weighted failure,2928,Bank_02,0.28049715681577897
Size-weighted failure,2929,Bank_02,0.28049715681577897
Size-weighted failure,2930,Bank_01,0.2297705054473075
Size-weighted failure,2931,Bank_03,0.27165350518050047
Size-weighted failure,2932,Bank_15,0.04479492221037007
Size-weighted failure,2933,Bank_12,0.049847926664306985
Size-weighted failure,2934,Bank_03,0.27165350518050047
Size-weighted failure,2935,Bank_04,0.25567572444338144
Size-weighted failure,2936,Bank_04,0.25567572444338144
Size-weighted failure,2937,Bank_12,0.049847926664306985
Size-weighted failure,2938,Bank_02,0.28049715681577897
Size-weighted failure,2939,Bank_03,0.27165350518050047
Size-weighted failure,2940,Bank_03,0.27165350518050047
Size-weighted failure,2941,Bank_01,0.2297705054473075
Size-weighted failure,2942,Bank_03,0.27165350518050047
Size-weighted failure,2943,Bank_14,0.044543718812041
Size-weighted failure,2944,Bank_15,0.04479492221037007
Size-weighted failure,2945,Bank_01,0.2297705054473075
Size-weighted failure,2946,Bank_04,0.25567572444338144
Size-weighted failure,2947,Bank_03,0.27165350518050047
Size-weighted failure,2948,Bank_04,0.25567572444338144
Size-weighted failure,2949,Bank_04,0.25567572444338144
Size-weighted failure,2950,Bank_01,0.2297705054473075
Size-weighted failure,2951,Bank_12,0.049847926664306985
Size-weighted failure,2952,Bank_19,0.034159813496486904
Size-weighted failure,2953,Bank_05,0.25524124537161796
Size-weighted failure,2954,Bank_05,0.25524124537161796
Size-weighted failure,2955,Bank_04,0.25567572444338144
Size-weighted failure,2956,Bank_03,0.27165350518050047
Size-weighted failure,2957,Bank_02,0.28049715681577897
Size-weighted failure,2958,Bank_04,0.25567572444338144
Size-weighted failure,2959,Bank_01,0.2297705054473075
Size-weighted failure,2960,Bank_11,0.0399801622024546
Size-weighted failure,2961,Bank_03,0.27165350518050047
Size-weighted failure,2962,Bank_03,0.27165350518050047
Size-weighted failure,2963,Bank_03,0.27165350518050047
Size-weighted failure,2964,Bank_19,0.034159813496486904
Size-weighted failure,2965,Bank_02,0.28049715681577897
Size-weighted failure,2966,Bank_02,0.28049715681577897
Size-weighted failure,2967,Bank_02,0.28049715681577897
Size-weighted failure,2968,Bank_05,0.25524124537161796
Size-weighted failure,2969,Bank_20,0.03774535768745524
Size-weighted failure,2970,Bank_02,0.28049715681577897
Size-weighted failure,2971,Bank_15,0.04479492221037007
Size-weighted failure,2972,Bank_02,0.28049715681577897
Size-weighted failure,2973,Bank_05,0.25524124537161796
Size-weighted failure,2974,Bank_01,0.2297705054473075
Size-weighted failure,2975,Bank_04,0.25567572444338144
Size-weighted failure,2976,Bank_05,0.25524124537161796
Size-weighted failure,2977,Bank_04,0.25567572444338144
Size-weighted failure,2978,Bank_02,0.28049715681577897
Size-weighted failure,2979,Bank_12,0.049847926664306985
Size-weighted failure,2980,Bank_19,0.034159813496486904
Size-weighted failure,2981,Bank_04,0.25567572444338144
Size-weighted failure,2982,Bank_05,0.25524124537161796
Size-weighted failure,2983,Bank_09,0.02054558688146143
Size-weighted failure,2984,Bank_02,0.28049715681577897
Size-weighted failure,2985,Bank_13,0.0321075807694755
Size-weighted failure,2986,Bank_02,0.28049715681577897
Size-weighted failure,2987,Bank_08,0.031372847122408294
Size-weighted failure,2988,Bank_01,0.2297705054473075
Size-weighted failure,2989,Bank_03,0.27165350518050047
Size-weighted failure,2990,Bank_04,0.25567572444338144
Size-weighted failure,2991,Bank_04,0.25567572444338144
Size-weighted failure,2992,Bank_12,0.049847926664306985
Size-weighted failure,2993,Bank_20,0.03774535768745524
Size-weighted failure,2994,Bank_01,0.2297705054473075
Size-weighted failure,2995,Bank_02,0.28049715681577897
Size-weighted failure,2996,Bank_03,0.27165350518050047
Size-weighted failure,2997,Bank_04,0.25567572444338144
Size-weighted failure,2998,Bank_04,0.25567572444338144
Size-weighted failure,2999,Bank_13,0.0321075807694755
Size-weighted failure,3000,Bank_08,0.031372847122408294
